citric acid;residual sugar;pH;sulphates;alcohol;quality;avis
0,49;2,1;3,16;0,63;<10;3;pas bon
0,66;2,2;3,25;0,57;<10;3;pas bon
0,05;2,1;3,31;0,55;<10;3;pas bon
0;1,2;3,32;0,51;<10;3;pas bon
0,42;1,5;3,38;0,86;<10;3;pas bon
0,02;1,8;3,55;0,63;<10;3;pas bon
0,05;5,7;3,4;0,52;[10,11[;3;pas bon
0;4,25;3,63;0,54;[10,11[;3;pas bon
0;2,1;3,5;0,4;[10,11[;3;pas bon
0,02;3,4;3,48;0,49;[11,12[;3;pas bon
0,08;4,4;3,38;0,5;<10;4;pas bon
0,03;1,6;3,37;0,48;<10;4;pas bon
0,2;1,9;3,39;0,43;<10;4;pas bon
0,2;1,5;3,16;1,12;<10;4;pas bon
0,03;1,8;3,36;0,33;<10;4;pas bon
0,26;2,1;3,31;0,53;<10;4;pas bon
0,02;1,3;3,17;1,08;<10;4;pas bon
0,19;2,2;3,2;0,59;<10;4;pas bon
0,3;2,8;3,26;0,51;<10;4;pas bon
0,37;2,2;3,23;0,49;<10;4;pas bon
1;3,4;2,74;2;<10;4;pas bon
0,04;2;3,35;0,6;<10;4;pas bon
0,49;4,5;3,05;0,57;<10;4;pas bon
0,49;2,1;3,3;0,56;<10;4;pas bon
0,48;2,6;3,32;0,7;<10;4;pas bon
0,05;1,8;3,3;0,44;<10;4;pas bon
0;2,5;3,38;0,46;<10;4;pas bon
0;2,2;3,37;0,46;<10;4;pas bon
0,04;1,6;3,29;0,54;<10;4;pas bon
0;1,9;3,34;0,49;<10;4;pas bon
0,09;1,5;3,5;0,48;<10;4;pas bon
0;3,3;3,6;0,72;<10;4;pas bon
0,27;2;3,29;0,48;<10;4;pas bon
0,44;1,6;3,38;0,86;<10;4;pas bon
0,24;2,3;3,34;0,52;[10,11[;4;pas bon
0,27;2,1;3,26;0,47;[10,11[;4;pas bon
0,24;2;3,43;0,54;[10,11[;4;pas bon
0;2,1;3,59;0,61;[10,11[;4;pas bon
0,03;1,5;3,66;0,62;[10,11[;4;pas bon
0,54;2,1;3,33;0,57;[10,11[;4;pas bon
0,36;2;3,31;0,57;[10,11[;4;pas bon
0,5;1,4;3,07;0,6;[10,11[;4;pas bon
0;1,6;3,33;0,37;[10,11[;4;pas bon
0,04;1,4;3,75;0,48;[10,11[;4;pas bon
0,07;2,5;3,38;0,55;[10,11[;4;pas bon
0;2,2;3,4;0,58;[10,11[;4;pas bon
0,06;2;3,53;0,64;[10,11[;4;pas bon
0,01;2,2;3,32;0,58;[11,12[;4;pas bon
0,02;4,4;3,41;0,57;[11,12[;4;pas bon
0,09;3,9;3,5;0,67;[11,12[;4;pas bon
0,08;2,3;3,52;0,57;[11,12[;4;pas bon
0,09;3,9;3,41;0,52;[11,12[;4;pas bon
0,1;3,1;3,54;0,6;[11,12[;4;pas bon
0,03;5,6;3,58;0,5;[11,12[;4;pas bon
0;2;3,59;0,55;[11,12[;4;pas bon
0,22;3,4;3,43;0,64;[11,12[;4;pas bon
0,06;2,1;3,51;0,43;[11,12[;4;pas bon
0,24;2,1;3,44;0,58;[11,12[;4;pas bon
0;2,2;3,62;0,62;[11,12[;4;pas bon
0,32;12,9;3,3;0,56;[11,12[;4;pas bon
0;4,3;3,45;0,56;[11,12[;4;pas bon
0,4;6,3;3,28;0,56;>12;4;pas bon
0,15;2,1;3,9;0,56;>12;4;pas bon
0,38;1,6;3,15;0,65;<10;5;pas bon
0,5;13,8;3,16;0,75;<10;5;pas bon
0,5;13,8;3,16;0,75;<10;5;pas bon
0,08;1,8;3,48;0,53;<10;5;pas bon
0,09;1,7;3,3;0,57;<10;5;pas bon
0,61;2,6;3,16;0,69;<10;5;pas bon
0,7;2,2;3,08;0,53;<10;5;pas bon
0,58;3,5;3,29;0,58;<10;5;pas bon
0,31;1,6;3,31;0,64;<10;5;pas bon
0,58;1,9;3,06;0,49;<10;5;pas bon
0,51;2;3,03;1,17;<10;5;pas bon
0,33;1,9;3,41;0,58;<10;5;pas bon
0,33;1,9;3,41;0,58;<10;5;pas bon
0,3;1,9;3,39;0,61;<10;5;pas bon
0,29;1,6;3,26;1,56;<10;5;pas bon
0,47;2;3,36;0,57;<10;5;pas bon
0,22;2,2;3,36;0,55;<10;5;pas bon
0,12;3;3,36;0,57;<10;5;pas bon
0,61;2;3,16;0,54;<10;5;pas bon
0,05;2,7;3,26;0,61;<10;5;pas bon
0,49;2;3,48;0,64;<10;5;pas bon
0,49;2,6;3,08;0,59;<10;5;pas bon
0,29;2,2;3,36;0,49;<10;5;pas bon
0,29;2,2;3,36;0,49;<10;5;pas bon
0,18;1,8;3,44;0,6;<10;5;pas bon
0,29;2,6;3,15;0,5;<10;5;pas bon
0,25;3,9;3,15;0,57;<10;5;pas bon
0,15;3,7;3,14;0,58;<10;5;pas bon
0,08;1,8;3,28;0,54;<10;5;pas bon
0,18;3,8;3,16;0,88;<10;5;pas bon
0,19;3,9;3,17;0,93;<10;5;pas bon
0,25;1,8;3,38;0,55;<10;5;pas bon
0,43;2,2;3,25;0,73;<10;5;pas bon
0,23;1,6;3,34;0,56;<10;5;pas bon
0,37;1,4;3,32;0,58;<10;5;pas bon
0,26;1,7;3,15;0,74;<10;5;pas bon
0,4;2,2;3,44;0,64;<10;5;pas bon
0,2;1,6;3,41;0,56;<10;5;pas bon
0,25;2;3,25;0,63;<10;5;pas bon
0,22;2,1;3,29;0,51;<10;5;pas bon
0,22;2,1;3,29;0,51;<10;5;pas bon
0;2,5;3,49;0,52;<10;5;pas bon
0,36;2;3,48;0,64;<10;5;pas bon
0,48;2;3,34;0,55;<10;5;pas bon
0,35;1,6;3,34;0,55;<10;5;pas bon
0,37;2,2;3,22;0,62;<10;5;pas bon
0;2,1;3,49;0,67;<10;5;pas bon
0,53;3,3;3,2;0,95;<10;5;pas bon
0,6;2,1;3,2;0,52;<10;5;pas bon
0,22;2,2;3,05;0,63;<10;5;pas bon
0,28;2,1;3,42;0,74;<10;5;pas bon
0,35;2,2;3,25;0,56;<10;5;pas bon
0,39;15,5;3,12;0,66;<10;5;pas bon
0,49;2,4;3,23;0,58;<10;5;pas bon
0,49;2,9;3,08;0,61;<10;5;pas bon
0,49;2,2;3,19;0,43;<10;5;pas bon
0,54;2,5;3,39;0,54;<10;5;pas bon
0,24;2,85;3,1;0,53;<10;5;pas bon
0,23;2,8;3,1;0,56;<10;5;pas bon
0;1,9;3,46;0,65;<10;5;pas bon
0,21;2,5;3,19;0,52;<10;5;pas bon
0,12;1,9;3,26;0,86;<10;5;pas bon
0,2;2,1;3,13;0,48;<10;5;pas bon
0,1;1,8;3,35;0,56;<10;5;pas bon
0,59;1,4;3,03;1,34;<10;5;pas bon
0,2;8,1;3,2;0,58;<10;5;pas bon
0,2;8,1;3,2;0,58;<10;5;pas bon
0,03;4,1;3,02;0,47;<10;5;pas bon
0,22;1,8;3,1;0,42;<10;5;pas bon
0,21;2,3;3,12;0,44;<10;5;pas bon
0,1;1,4;3,28;0,61;<10;5;pas bon
0,26;3,8;3,26;0,46;<10;5;pas bon
0,51;1,7;3;1,17;<10;5;pas bon
0,51;1,7;3;1,17;<10;5;pas bon
0,25;3,4;3,19;0,42;<10;5;pas bon
0,14;3,9;3,32;0,48;<10;5;pas bon
0,13;1,6;3,34;0,59;<10;5;pas bon
0,2;7,8;3,29;0,54;<10;5;pas bon
0,28;1,7;3,11;1,28;<10;5;pas bon
0,16;1,4;3,34;0,56;<10;5;pas bon
0,49;1,8;3,21;0,71;<10;5;pas bon
0,68;1,7;3,08;1,31;<10;5;pas bon
0,31;1,7;3,46;0,79;<10;5;pas bon
0,52;2;3,21;0,69;<10;5;pas bon
0,26;1,6;3,11;0,8;<10;5;pas bon
0;2,2;3,48;0,5;<10;5;pas bon
0,49;2;3,12;1,02;<10;5;pas bon
0,02;2,5;3,44;0,52;<10;5;pas bon
0,2;1,8;3,54;0,58;<10;5;pas bon
0,48;2,1;3,04;1,03;<10;5;pas bon
0,31;1,8;3,29;0,53;<10;5;pas bon
0,37;1,7;3;1,09;<10;5;pas bon
0,17;2,3;3,2;0,45;<10;5;pas bon
0,23;3,2;3,26;0,57;<10;5;pas bon
0,23;1,7;3,29;0,65;<10;5;pas bon
0,23;1,8;3,28;0,67;<10;5;pas bon
0,05;2,3;3,29;0,63;<10;5;pas bon
0;2,4;3,27;0,73;<10;5;pas bon
0,16;1,9;3,27;0,64;<10;5;pas bon
0,24;6,6;3,32;1,07;<10;5;pas bon
0,33;1,3;3,24;0,6;<10;5;pas bon
0,18;1,5;3,08;0,6;<10;5;pas bon
0,22;2,6;3,26;0,61;<10;5;pas bon
0,49;6,1;3,31;1,14;<10;5;pas bon
0,24;1,9;3,26;0,59;<10;5;pas bon
0,41;7,9;3,27;0,57;<10;5;pas bon
0;2,6;3,3;0,52;<10;5;pas bon
0,41;2,3;3,09;0,8;<10;5;pas bon
0,23;2,3;3,21;0,61;<10;5;pas bon
0,2;2;3,48;0,62;<10;5;pas bon
0;2,4;3,35;0,6;<10;5;pas bon
0,17;2,9;3,09;0,52;<10;5;pas bon
0,1;1,5;3,39;0,51;<10;5;pas bon
0,34;6,6;3,22;0,68;<10;5;pas bon
0,14;1,6;3,27;0,62;<10;5;pas bon
0,07;1,6;3,29;0,6;<10;5;pas bon
0,15;2,1;3,32;0,62;<10;5;pas bon
0,2;1,7;3,1;0,4;<10;5;pas bon
0,68;1,8;3,02;1,15;<10;5;pas bon
0,2;2;3,1;0,43;<10;5;pas bon
0,11;1,8;3,34;0,52;<10;5;pas bon
0,27;3,8;3,24;0,45;<10;5;pas bon
0;1,9;3,51;0,56;<10;5;pas bon
0;1,9;3,51;0,56;<10;5;pas bon
0;1,8;3,51;0,56;<10;5;pas bon
0,06;1,6;3,3;0,46;<10;5;pas bon
0,11;2,3;3,17;0,53;<10;5;pas bon
0;1,9;3,47;0,55;<10;5;pas bon
0,36;3;3,2;0,56;<10;5;pas bon
0,12;5,1;3,26;0,77;<10;5;pas bon
0,7;1,9;3,13;1,28;<10;5;pas bon
0,26;1,8;3,16;1,14;<10;5;pas bon
0,24;2,2;3,33;0,48;<10;5;pas bon
0,04;1,9;3,16;0,7;<10;5;pas bon
0,15;1,8;3,42;0,57;<10;5;pas bon
0,56;2;3,24;0,66;<10;5;pas bon
0,08;1,7;3,34;0,58;<10;5;pas bon
0,55;1,8;3,17;0,62;<10;5;pas bon
0,26;7,3;3,37;0,49;<10;5;pas bon
0,26;7,2;3,37;0,49;<10;5;pas bon
0,35;2,9;3,23;0,62;<10;5;pas bon
0,33;2;3,25;0,54;<10;5;pas bon
0,28;2,7;3,22;0,67;<10;5;pas bon
0,26;2;3,15;0,57;<10;5;pas bon
0,76;1,8;3,06;1,26;<10;5;pas bon
0,2;2,4;3,31;0,64;<10;5;pas bon
0,18;7;3,38;0,77;<10;5;pas bon
0,32;2,2;3,36;0,52;<10;5;pas bon
0,3;3;3,3;0,53;<10;5;pas bon
0,23;2;3,19;0,7;<10;5;pas bon
0,52;2,8;3,18;0,64;<10;5;pas bon
0,22;2,3;3,1;0,55;<10;5;pas bon
0,59;2,2;3,04;1,05;<10;5;pas bon
0,6;2,2;3,04;1,06;<10;5;pas bon
0,49;2,5;3,22;0,55;<10;5;pas bon
0,24;2,4;3,09;0,57;<10;5;pas bon
0,24;2,4;3,09;0,57;<10;5;pas bon
0,55;2,7;2,98;0,54;<10;5;pas bon
0,24;3,4;3,27;0,61;<10;5;pas bon
0,23;3,4;3,28;0,62;<10;5;pas bon
0,28;2,4;3,24;0,53;<10;5;pas bon
0,27;2,3;3,24;0,53;<10;5;pas bon
0,45;2,3;3,39;0,62;<10;5;pas bon
0,45;2,3;3,39;0,62;<10;5;pas bon
0,45;2,3;3,39;0,62;<10;5;pas bon
0,17;2,9;3,14;0,61;<10;5;pas bon
0,32;2,3;3,25;0,48;<10;5;pas bon
0,04;1,6;3,4;0,47;<10;5;pas bon
0,48;1,8;3,3;1,05;<10;5;pas bon
0,32;2,8;3,32;0,62;<10;5;pas bon
0,31;2,7;3,31;0,61;<10;5;pas bon
0;3,2;3,36;0,45;<10;5;pas bon
0,36;2,3;3,34;0,46;<10;5;pas bon
0,36;2,3;3,34;0,46;<10;5;pas bon
0,4;2,6;3,3;0,48;<10;5;pas bon
0,13;2,5;3,39;0,61;<10;5;pas bon
0,18;2,9;3,14;0,54;<10;5;pas bon
0,26;2,4;3,28;0,55;<10;5;pas bon
0,27;2,3;3,27;0,55;<10;5;pas bon
0,08;4;3,25;0,51;<10;5;pas bon
0;2,35;3,29;0,45;<10;5;pas bon
0,26;1,6;3,32;0,47;<10;5;pas bon
0,35;2;3,28;0,62;<10;5;pas bon
0,3;2,1;3,44;0,52;<10;5;pas bon
0,3;2,1;3,44;0,52;<10;5;pas bon
0,3;1,6;3,44;0,5;<10;5;pas bon
0,12;1,7;3,16;0,49;<10;5;pas bon
0,12;1,7;3,16;0,49;<10;5;pas bon
0,28;2;3,45;0,48;<10;5;pas bon
0,28;2;3,45;0,48;<10;5;pas bon
0,45;2,5;3,15;0,43;<10;5;pas bon
0,38;1,5;3,2;0,52;<10;5;pas bon
0,38;1,5;3,2;0,52;<10;5;pas bon
0,5;1,9;3,01;1,1;<10;5;pas bon
0,19;5,8;3,14;0,55;<10;5;pas bon
0,23;2,6;3,15;0,51;<10;5;pas bon
0;1,6;3,56;0,84;<10;5;pas bon
0,18;1,6;3,34;0,58;<10;5;pas bon
0,29;4,3;3,16;0,53;<10;5;pas bon
0;2,3;3,44;0,54;<10;5;pas bon
0;2,2;3,41;0,6;<10;5;pas bon
0,21;1,6;3,17;0,91;<10;5;pas bon
0,24;1,8;3,28;0,59;<10;5;pas bon
0,21;1,6;3,17;0,91;<10;5;pas bon
0,02;1,8;3,48;0,52;<10;5;pas bon
0,52;1,6;3,25;0,58;<10;5;pas bon
0,04;3,8;3,34;0,53;<10;5;pas bon
0,23;2,1;3,32;0,48;<10;5;pas bon
0,22;1,9;3,31;0,48;<10;5;pas bon
0,44;2,1;3,14;1,22;<10;5;pas bon
0,26;1,9;3,23;0,54;<10;5;pas bon
0,19;1,8;3,19;0,93;<10;5;pas bon
0,19;1,8;3,19;0,93;<10;5;pas bon
0;2,6;3,44;0,53;<10;5;pas bon
0,17;1,6;3,39;0,48;<10;5;pas bon
0,15;1,8;3,23;0,77;<10;5;pas bon
0,19;2,1;3,33;0,54;<10;5;pas bon
0,19;2;3,32;0,54;<10;5;pas bon
0,15;1,8;3,23;0,77;<10;5;pas bon
0,48;1,7;3,19;0,62;<10;5;pas bon
0,24;1,8;3;1,59;<10;5;pas bon
0,21;2;3,33;0,47;<10;5;pas bon
0,04;1,5;3,35;0,78;<10;5;pas bon
0,21;2;3,33;0,47;<10;5;pas bon
0,14;2,4;3,19;0,59;<10;5;pas bon
0,14;2,4;3,19;0,59;<10;5;pas bon
0,33;2;3,2;0,55;<10;5;pas bon
0,32;1,9;3,2;0,55;<10;5;pas bon
0,12;3,8;3,28;0,61;<10;5;pas bon
0,11;1,5;3,36;0,79;<10;5;pas bon
0,33;2,4;3,3;0,6;<10;5;pas bon
0,04;1,5;3,42;0,6;<10;5;pas bon
0,07;1,9;3,38;0,52;<10;5;pas bon
0,42;1,9;3,23;0,59;<10;5;pas bon
0,46;2,5;3,05;0,64;<10;5;pas bon
0,12;1,6;3,39;0,54;<10;5;pas bon
0,39;2;3,18;0,62;<10;5;pas bon
0,52;2;3,18;0,51;<10;5;pas bon
0,35;2,4;3,38;0,62;<10;5;pas bon
0,34;2,7;3,26;0,61;<10;5;pas bon
0,63;2,3;3,16;0,49;<10;5;pas bon
0,63;2,3;3,16;0,49;<10;5;pas bon
0,49;4,6;3,02;0,61;<10;5;pas bon
0,49;2,4;3,23;0,64;<10;5;pas bon
0,49;2,8;3,3;0,6;<10;5;pas bon
0,17;2,6;3,4;0,53;<10;5;pas bon
0,22;1,9;3,13;0,55;<10;5;pas bon
0,54;2,7;3,25;0,63;<10;5;pas bon
0,21;1,9;3,27;0,58;<10;5;pas bon
0,44;2,3;3,46;0,63;<10;5;pas bon
0,44;2,3;3,46;0,63;<10;5;pas bon
0,47;2,4;3,08;0,46;<10;5;pas bon
0,21;1,7;3,2;0,52;<10;5;pas bon
0,34;2;3,15;0,53;<10;5;pas bon
0,21;1,7;3,2;0,52;<10;5;pas bon
0,34;3;3,38;0,61;<10;5;pas bon
0;3,9;3,46;0,54;<10;5;pas bon
0,3;2,2;2,94;1,62;<10;5;pas bon
0,02;1,8;3,46;0,68;<10;5;pas bon
0,02;1,8;3,46;0,68;<10;5;pas bon
0,34;2,7;3,55;0,6;<10;5;pas bon
0,1;2,1;3,26;0,5;<10;5;pas bon
0,1;2,1;3,26;0,5;<10;5;pas bon
0,24;2,6;3,21;0,57;<10;5;pas bon
0,54;2,7;3,13;0,51;<10;5;pas bon
0,1;2,9;3,29;0,55;<10;5;pas bon
0,1;2,9;3,29;0,55;<10;5;pas bon
0,1;2,9;3,29;0,55;<10;5;pas bon
0,32;2,7;3,45;0,62;<10;5;pas bon
0,41;2,3;3,21;0,5;<10;5;pas bon
0,41;2,3;3,21;0,5;<10;5;pas bon
0,44;1,9;3,28;0,55;<10;5;pas bon
0,44;1,9;3,28;0,55;<10;5;pas bon
0,06;2,7;3,51;0,54;<10;5;pas bon
0,06;2,7;3,51;0,54;<10;5;pas bon
0,04;2,5;3,53;0,55;<10;5;pas bon
0,04;2,5;3,53;0,55;<10;5;pas bon
0,2;3;3,23;0,59;<10;5;pas bon
0,02;2,1;3,38;0,69;<10;5;pas bon
0,1;3,3;3,36;0,49;<10;5;pas bon
0,21;1,7;3,32;0,44;<10;5;pas bon
0,29;2,1;3,4;0,64;<10;5;pas bon
0,29;2,1;3,4;0,64;<10;5;pas bon
0,22;2,4;3,37;0,62;<10;5;pas bon
0;1,4;3,43;0,58;<10;5;pas bon
0;4,3;3,2;0,45;<10;5;pas bon
0;4,3;3,2;0,45;<10;5;pas bon
0;1,4;3,36;0,45;<10;5;pas bon
0;1,4;3,36;0,45;<10;5;pas bon
0;1,4;3,36;0,45;<10;5;pas bon
0,03;1,8;3,34;0,39;<10;5;pas bon
0,03;1,8;3,34;0,39;<10;5;pas bon
0,17;5,4;3,28;0,5;<10;5;pas bon
0,09;2,2;3,18;0,62;<10;5;pas bon
0,15;1,8;3,19;0,5;<10;5;pas bon
0;2,3;3,45;0,53;<10;5;pas bon
0,33;6,7;3,22;0,56;<10;5;pas bon
0,32;2,2;3,33;0,51;<10;5;pas bon
0,1;1,6;3,31;0,65;<10;5;pas bon
0,57;3,4;3,04;0,63;<10;5;pas bon
0,11;1,5;3,42;0,58;<10;5;pas bon
0,54;2,5;3,28;0,82;<10;5;pas bon
0,26;1,9;3,39;0,64;<10;5;pas bon
0,26;1,9;3,39;0,64;<10;5;pas bon
0,11;1,9;3,19;0,82;<10;5;pas bon
0,11;1,9;3,19;0,82;<10;5;pas bon
0,03;2;3,2;0,56;<10;5;pas bon
0;2,5;3,48;0,56;<10;5;pas bon
0,06;2;3,67;0,73;<10;5;pas bon
0,06;2,1;3,68;0,71;<10;5;pas bon
0,21;2,7;3,28;0,58;<10;5;pas bon
0,24;3,3;3,26;0,67;<10;5;pas bon
0,49;2,2;3,19;0,44;<10;5;pas bon
0,49;2,2;3,19;0,44;<10;5;pas bon
0,39;2,2;2,89;0,5;<10;5;pas bon
0,39;2,2;2,89;0,5;<10;5;pas bon
0,45;3,3;3,13;0,54;<10;5;pas bon
0,04;2;3,22;0,44;<10;5;pas bon
0,04;2;3,22;0,44;<10;5;pas bon
0,66;2,3;3,17;0,67;<10;5;pas bon
0,03;2,1;3,39;0,47;<10;5;pas bon
0,26;2;3,25;0,42;<10;5;pas bon
0,26;2;3,25;0,42;<10;5;pas bon
0,01;1,9;3,39;0,54;<10;5;pas bon
0,17;2,9;3,23;0,54;<10;5;pas bon
0,31;2,5;3,1;0,74;<10;5;pas bon
0,15;3,2;3,28;0,54;<10;5;pas bon
0;4,1;3,36;0,53;<10;5;pas bon
0,08;1,8;3,12;0,49;<10;5;pas bon
0,25;2;3,27;0,72;<10;5;pas bon
0,22;2,2;3,18;0,51;<10;5;pas bon
0,09;1,8;3,38;0,45;<10;5;pas bon
0,07;1,8;3,3;0,58;<10;5;pas bon
0,07;1,8;3,3;0,58;<10;5;pas bon
0,59;2,2;3,2;0,78;<10;5;pas bon
0,59;2,2;3,2;0,78;<10;5;pas bon
0,04;1,5;3,26;0,53;<10;5;pas bon
0,31;2,3;3,52;0,65;<10;5;pas bon
0,57;2;3,26;0,53;<10;5;pas bon
0,1;2,6;3,39;0,49;<10;5;pas bon
0,21;2,2;3,28;0,55;<10;5;pas bon
0,21;2,2;3,28;0,55;<10;5;pas bon
0,19;1,9;3,39;0,54;<10;5;pas bon
0,02;2,3;3,67;0,8;<10;5;pas bon
0,26;3,4;3,24;0,62;<10;5;pas bon
0,4;2,9;3,48;0,91;<10;5;pas bon
0,41;2;3,28;0,7;<10;5;pas bon
0,49;2,6;3,35;0,57;<10;5;pas bon
0,49;2,6;3,35;0,57;<10;5;pas bon
0,5;2,3;3,5;0,57;<10;5;pas bon
0,5;2,3;3,5;0,57;<10;5;pas bon
0;1,4;3,27;0,55;<10;5;pas bon
0,14;2;3,14;0,56;<10;5;pas bon
0,23;3,1;3,28;0,59;<10;5;pas bon
0,28;3,2;3,31;0,53;<10;5;pas bon
0,25;2,8;3,23;0,57;<10;5;pas bon
0;1,9;3,34;0,6;<10;5;pas bon
0,32;2,5;3,22;1,07;<10;5;pas bon
0,06;2,5;3,51;0,53;<10;5;pas bon
0,07;2,6;3,51;0,54;<10;5;pas bon
0,03;2,3;3,53;0,57;<10;5;pas bon
0,03;2,3;3,53;0,57;<10;5;pas bon
0,02;2,2;3,1;0,53;<10;5;pas bon
0;1,9;3,4;0,74;<10;5;pas bon
0,01;1,9;3,4;0,73;<10;5;pas bon
0,1;1,7;3,41;0,67;<10;5;pas bon
0,1;1,7;3,41;0,67;<10;5;pas bon
0,11;1,4;2,88;0,47;<10;5;pas bon
0,16;2,1;3,37;0,55;<10;5;pas bon
0,26;1,9;3,26;0,59;<10;5;pas bon
0,26;1,9;3,26;0,59;<10;5;pas bon
0,08;2,1;3,33;0,64;<10;5;pas bon
0;2,6;3,2;0,68;<10;5;pas bon
0,04;2,3;3,26;0,65;<10;5;pas bon
0,12;2,3;3,17;0,66;<10;5;pas bon
0,05;2;3,39;0,57;<10;5;pas bon
0,29;2;2,93;1,98;<10;5;pas bon
0,06;2,5;3,39;0,56;<10;5;pas bon
0,09;2,2;3,15;0,66;<10;5;pas bon
0,1;2,2;3,15;0,66;<10;5;pas bon
0,14;2,6;3,39;0,63;<10;5;pas bon
0,07;3,4;3,31;0,71;<10;5;pas bon
0,07;3,4;3,31;0,71;<10;5;pas bon
0,02;1,2;3,2;0,58;<10;5;pas bon
0,49;2,3;3,38;0,99;<10;5;pas bon
0,49;2,9;3,29;0,6;<10;5;pas bon
0,38;1,5;3,26;0,74;<10;5;pas bon
0,31;2,25;3,33;0,54;<10;5;pas bon
0,24;2,6;3,48;0,54;<10;5;pas bon
0,28;2,6;3,28;0,51;<10;5;pas bon
0;2,2;3,25;0,5;<10;5;pas bon
0;2,2;3,25;0,5;<10;5;pas bon
0,03;2,6;3,5;0,6;<10;5;pas bon
0,14;2,4;3,66;0,65;<10;5;pas bon
0,14;2,4;3,66;0,65;<10;5;pas bon
0,01;2,5;3,55;0,59;<10;5;pas bon
0,13;2;3,61;0,64;<10;5;pas bon
0,13;2;3,61;0,64;<10;5;pas bon
0,21;1,8;3,59;0,66;<10;5;pas bon
0,21;1,8;3,59;0,66;<10;5;pas bon
0,21;1,8;3,59;0,66;<10;5;pas bon
0,21;1,6;3,58;0,66;<10;5;pas bon
0,01;2;3,48;0,65;<10;5;pas bon
0,01;2;3,48;0,65;<10;5;pas bon
0,25;2,2;3,15;0,53;<10;5;pas bon
0,25;2,2;3,15;0,53;<10;5;pas bon
0,39;2,5;3,16;0,59;<10;5;pas bon
0,14;2,2;3,28;0,59;<10;5;pas bon
0;1,8;3,45;0,58;<10;5;pas bon
0,38;2,5;3,15;0,58;<10;5;pas bon
0,26;1,9;3,3;0,53;<10;5;pas bon
0,26;1,9;3,3;0,53;<10;5;pas bon
0,08;1,7;3,24;0,5;<10;5;pas bon
0,06;1,3;3,17;0,48;<10;5;pas bon
0,01;1,6;3,16;0,46;<10;5;pas bon
0,01;1,6;3,16;0,46;<10;5;pas bon
0,02;1,9;3,4;0,75;<10;5;pas bon
0,02;1,9;3,4;0,75;<10;5;pas bon
0,18;2,4;3,31;0,54;<10;5;pas bon
0,04;2,1;3,44;0,67;<10;5;pas bon
0,29;2,1;3,33;0,62;<10;5;pas bon
0;1,6;3,58;0,52;<10;5;pas bon
0,37;2,6;3,16;0,52;<10;5;pas bon
0;1,9;3,6;0,81;<10;5;pas bon
0,02;2,3;3,57;0,78;<10;5;pas bon
0,65;2,3;3,03;0,57;<10;5;pas bon
0,02;7,9;3,47;0,53;<10;5;pas bon
0,02;7,9;3,47;0,53;<10;5;pas bon
0;1,8;3,62;0,68;<10;5;pas bon
0,24;2,8;3,24;0,67;<10;5;pas bon
0,24;2,1;3,12;0,59;<10;5;pas bon
0,11;2,3;3,4;0,48;<10;5;pas bon
0,15;6;3,37;0,49;<10;5;pas bon
0,18;1,6;3,15;0,49;<10;5;pas bon
0,26;2;3,26;0,52;<10;5;pas bon
0,22;2,1;3,3;0,49;<10;5;pas bon
0,22;2,1;3,3;0,49;<10;5;pas bon
0,26;2;3,28;0,52;<10;5;pas bon
0,21;2,1;3,25;0,51;<10;5;pas bon
0,21;2,1;3,25;0,51;<10;5;pas bon
0,21;2,2;3,27;0,45;<10;5;pas bon
0,32;1,8;3,46;0,78;<10;5;pas bon
0,04;2,2;3,53;0,56;<10;5;pas bon
0,26;2;3,21;0,52;<10;5;pas bon
0,26;2;3,21;0,52;<10;5;pas bon
0,26;2;3,21;0,52;<10;5;pas bon
0,18;2,3;3,43;0,59;[10,11[;5;pas bon
0,02;1,8;3,54;0,52;[10,11[;5;pas bon
0,03;1,7;3,34;0,57;[10,11[;5;pas bon
0,12;2,6;3,51;0,72;[10,11[;5;pas bon
0,66;2,5;3,05;0,56;[10,11[;5;pas bon
0,39;1,9;3,17;0,47;[10,11[;5;pas bon
0,39;1,9;3,17;0,47;[10,11[;5;pas bon
0,24;2,5;3,26;0,58;[10,11[;5;pas bon
0,1;2,6;3,48;0,53;[10,11[;5;pas bon
0,08;2;3,4;0,47;[10,11[;5;pas bon
0,11;2,6;3,21;0,57;[10,11[;5;pas bon
0,08;2,7;3,21;0,59;[10,11[;5;pas bon
0,58;2,8;3,13;0,53;[10,11[;5;pas bon
0;3;3,43;0,46;[10,11[;5;pas bon
0,05;2,4;3,36;0,53;[10,11[;5;pas bon
0,09;3,3;3,23;0,44;[10,11[;5;pas bon
0,04;2,2;3,46;0,47;[10,11[;5;pas bon
0,05;2;3,36;0,61;[10,11[;5;pas bon
0,26;1,9;3,25;0,62;[10,11[;5;pas bon
0,15;2,1;3,23;0,48;[10,11[;5;pas bon
0,33;2,7;3,22;0,68;[10,11[;5;pas bon
0,24;1,7;3,29;0,67;[10,11[;5;pas bon
0,24;1,7;3,29;0,67;[10,11[;5;pas bon
0,55;1,7;3,35;0,94;[10,11[;5;pas bon
0,07;1,7;3,12;0,48;[10,11[;5;pas bon
0;2;3,39;0,52;[10,11[;5;pas bon
0,29;2;3,34;0,57;[10,11[;5;pas bon
0,03;2,3;3,35;0,52;[10,11[;5;pas bon
0,2;1,4;3,11;0,46;[10,11[;5;pas bon
0,07;2,4;3,35;0,54;[10,11[;5;pas bon
0,12;2;3,38;0,52;[10,11[;5;pas bon
0,15;2,2;3,41;0,59;[10,11[;5;pas bon
0,03;1,8;3,35;0,54;[10,11[;5;pas bon
0,03;1,8;3,35;0,54;[10,11[;5;pas bon
0,26;2,2;3,3;0,43;[10,11[;5;pas bon
0,58;4;3,22;0,78;[10,11[;5;pas bon
0,23;3,4;3,3;0,65;[10,11[;5;pas bon
0,05;3,6;3,4;0,63;[10,11[;5;pas bon
0,43;2,8;3,06;0,57;[10,11[;5;pas bon
0,24;2;3,44;0,58;[10,11[;5;pas bon
0,23;2,3;3,43;0,62;[10,11[;5;pas bon
0,32;2,5;3,29;0,62;[10,11[;5;pas bon
0,32;2,5;3,29;0,62;[10,11[;5;pas bon
0,34;2,6;3,26;0,66;[10,11[;5;pas bon
0,25;1,8;3,36;0,44;[10,11[;5;pas bon
0,25;1,8;3,36;0,44;[10,11[;5;pas bon
0,14;2,5;3,36;0,54;[10,11[;5;pas bon
0,25;2;3,04;0,9;[10,11[;5;pas bon
0,13;2;3,29;0,54;[10,11[;5;pas bon
0,13;2;3,29;0,54;[10,11[;5;pas bon
0,13;2;3,29;0,54;[10,11[;5;pas bon
0,13;2;3,29;0,54;[10,11[;5;pas bon
0,1;2,1;3,34;0,52;[10,11[;5;pas bon
0,3;2,4;3,46;0,59;[10,11[;5;pas bon
0,63;2;2,99;0,87;[10,11[;5;pas bon
0,24;2,2;3,14;0,6;[10,11[;5;pas bon
0,24;2,2;3,14;0,6;[10,11[;5;pas bon
0,5;2,7;3,13;0,7;[10,11[;5;pas bon
0;5,6;3,46;0,72;[10,11[;5;pas bon
0;5,6;3,46;0,72;[10,11[;5;pas bon
0,52;2;3,03;0,66;[10,11[;5;pas bon
0,39;2,2;3,26;0,65;[10,11[;5;pas bon
0,3;2,6;2,99;1,18;[10,11[;5;pas bon
0,09;2,9;3,46;0,61;[10,11[;5;pas bon
0;2,2;3,58;0,67;[10,11[;5;pas bon
0,26;2;2,94;0,98;[10,11[;5;pas bon
0,3;4,5;3,3;1,17;[10,11[;5;pas bon
0,3;4,5;3,3;1,17;[10,11[;5;pas bon
0,25;2;3,3;0,48;[10,11[;5;pas bon
0,08;2,6;3,44;0,58;[10,11[;5;pas bon
0,1;2,8;3,6;0,66;[10,11[;5;pas bon
0,02;2;3,36;0,61;[10,11[;5;pas bon
0,12;2;3,57;0,71;[10,11[;5;pas bon
0,22;2,2;3,3;1,2;[10,11[;5;pas bon
0,32;2,8;3,31;0,64;[10,11[;5;pas bon
0,39;2,3;3,37;0,58;[10,11[;5;pas bon
0,49;2,7;3,16;0,61;[10,11[;5;pas bon
0,49;2,7;3,16;0,61;[10,11[;5;pas bon
0,28;2,8;3,24;0,53;[10,11[;5;pas bon
0;3;3,45;0,63;[10,11[;5;pas bon
0,29;1,6;3,25;0,54;[10,11[;5;pas bon
0,03;1,9;3,37;0,46;[10,11[;5;pas bon
0,03;1,9;3,37;0,46;[10,11[;5;pas bon
0,31;6,1;3,35;0,68;[10,11[;5;pas bon
0;1,7;3,41;0,47;[10,11[;5;pas bon
0,21;2,1;3,38;0,6;[10,11[;5;pas bon
0,49;2,4;3,14;0,61;[10,11[;5;pas bon
0,17;3;3,29;0,55;[10,11[;5;pas bon
0,32;2,7;3,24;0,44;[10,11[;5;pas bon
0,52;1,9;3,36;0,67;[10,11[;5;pas bon
0,49;1,4;3,13;0,63;[10,11[;5;pas bon
0,49;1,4;3,13;0,63;[10,11[;5;pas bon
0,14;1,8;3,53;0,61;[10,11[;5;pas bon
0,17;1,8;3,49;0,64;[10,11[;5;pas bon
0,17;1,8;3,49;0,64;[10,11[;5;pas bon
0,24;1,8;3,37;0,62;[10,11[;5;pas bon
0,25;2;3,34;0,6;[10,11[;5;pas bon
0,5;2;3,1;0,58;[10,11[;5;pas bon
0,36;6,1;3,35;0,8;[10,11[;5;pas bon
0,36;6,1;3,35;0,8;[10,11[;5;pas bon
0,36;5,9;3,33;0,83;[10,11[;5;pas bon
0,36;5,9;3,33;0,83;[10,11[;5;pas bon
0,64;2,2;3,54;0,66;[10,11[;5;pas bon
0,64;2,2;3,54;0,66;[10,11[;5;pas bon
0,42;5,5;3,42;0,72;[10,11[;5;pas bon
0,42;5,5;3,42;0,71;[10,11[;5;pas bon
0,42;5,5;3,42;0,72;[10,11[;5;pas bon
0,42;5,5;3,42;0,71;[10,11[;5;pas bon
0,49;5,6;3,34;0,76;[10,11[;5;pas bon
0,48;3,1;3,17;0,53;[10,11[;5;pas bon
0,48;2;3,3;0,71;[10,11[;5;pas bon
0,12;1,9;3,44;0,48;[10,11[;5;pas bon
0,6;2,6;3,1;0,73;[10,11[;5;pas bon
0,19;3;3,37;0,51;[10,11[;5;pas bon
0,3;3,4;3,36;0,61;[10,11[;5;pas bon
0,1;2,6;3,3;0,47;[10,11[;5;pas bon
0,14;2,5;3,34;0,64;[10,11[;5;pas bon
0,37;2,3;3,24;0,56;[10,11[;5;pas bon
0,01;1,9;3,69;0,73;[10,11[;5;pas bon
0,01;1,9;3,69;0,73;[10,11[;5;pas bon
0,09;2,1;3,35;0,54;[10,11[;5;pas bon
0,47;2,5;3,15;0,5;[10,11[;5;pas bon
0,19;1,8;3,49;0,68;[10,11[;5;pas bon
0,19;1,8;3,49;0,68;[10,11[;5;pas bon
0,5;1,8;3,15;0,57;[10,11[;5;pas bon
0,21;1,9;3,34;0,47;[10,11[;5;pas bon
0,4;1,7;3,39;0,6;[10,11[;5;pas bon
0,46;2,2;3,32;0,63;[10,11[;5;pas bon
0,08;2;3,45;0,58;[10,11[;5;pas bon
0,65;2,6;3,05;0,61;[10,11[;5;pas bon
0,55;2,1;3,26;0,79;[10,11[;5;pas bon
0,03;1,5;3,53;0,57;[10,11[;5;pas bon
0,6;3;3,39;0,68;[10,11[;5;pas bon
0,6;3;3,39;0,68;[10,11[;5;pas bon
0,05;1,9;3,52;0,78;[10,11[;5;pas bon
0,25;2,3;3,42;0,97;[10,11[;5;pas bon
0,25;2,3;3,42;0,97;[10,11[;5;pas bon
0,07;1,6;3,44;0,58;[10,11[;5;pas bon
0,57;2;3,28;0,79;[10,11[;5;pas bon
0;3;3,45;0,56;[10,11[;5;pas bon
0,14;2,8;3,36;0,49;[10,11[;5;pas bon
0,14;2,8;3,36;0,49;[10,11[;5;pas bon
0,44;1,7;3,52;0,63;[10,11[;5;pas bon
0,44;1,5;3,35;0,61;[10,11[;5;pas bon
0;2,6;3,38;0,56;[10,11[;5;pas bon
0,33;2,5;3,24;0,71;[10,11[;5;pas bon
0,33;2,5;3,24;0,71;[10,11[;5;pas bon
0,35;2,8;3,31;0,62;[10,11[;5;pas bon
0,43;2,2;3,16;0,67;[10,11[;5;pas bon
0;2,3;3,56;0,51;[10,11[;5;pas bon
0;2,3;3,56;0,51;[10,11[;5;pas bon
0,01;2,6;3,38;0,62;[10,11[;5;pas bon
0;2,8;3,41;0,52;[10,11[;5;pas bon
0,05;4,65;3,41;0,39;[10,11[;5;pas bon
0,05;4,65;3,41;0,39;[10,11[;5;pas bon
0;1,7;3,53;0,49;[10,11[;5;pas bon
0;1,8;3,54;0,48;[10,11[;5;pas bon
0,49;2,4;3,08;0,87;[10,11[;5;pas bon
0,2;2;3,36;0,44;[10,11[;5;pas bon
0,2;2;3,36;0,44;[10,11[;5;pas bon
0,36;2,8;3,18;0,68;[10,11[;5;pas bon
0,23;2,1;3,36;0,7;[10,11[;5;pas bon
0,23;2,1;3,36;0,7;[10,11[;5;pas bon
0,06;1,9;3,4;0,69;[10,11[;5;pas bon
0,19;2,3;3,39;0,56;[10,11[;5;pas bon
0,31;2,3;3,24;0,56;[10,11[;5;pas bon
0,16;2;3,14;0,57;[11,12[;5;pas bon
0,25;2,6;3,46;0,5;[11,12[;5;pas bon
0,25;2,6;3,46;0,5;[11,12[;5;pas bon
0,29;2,6;3,39;0,68;[11,12[;5;pas bon
0,08;2,1;3,13;0,52;[11,12[;5;pas bon
0,52;3;3,26;0,88;[11,12[;5;pas bon
0,49;2,5;3,36;0,78;[11,12[;5;pas bon
0,49;2,5;3,36;0,78;[11,12[;5;pas bon
0,43;2,3;3,15;0,57;[11,12[;5;pas bon
0,27;2,6;3,39;0,71;[11,12[;5;pas bon
0,19;1,5;3,62;0,61;[11,12[;5;pas bon
0,65;6,4;3,27;0,58;[11,12[;5;pas bon
0,65;6,4;3,27;0,58;[11,12[;5;pas bon
0,02;2,4;3,47;0,45;[11,12[;5;pas bon
0;1,9;3,36;0,59;[11,12[;5;pas bon
0,48;2,6;3,09;0,53;[11,12[;5;pas bon
0,22;2,4;3,37;0,58;[11,12[;5;pas bon
0;1,9;3,31;0,63;[11,12[;5;pas bon
0,08;1,8;3,38;0,54;[11,12[;5;pas bon
0,4;1,6;3,5;0,63;[11,12[;5;pas bon
0,32;2,5;3,32;0,79;[11,12[;5;pas bon
0,49;4,2;2,92;0,74;[11,12[;5;pas bon
0,49;4,2;2,92;0,74;[11,12[;5;pas bon
0,49;4,2;2,92;0,74;[11,12[;5;pas bon
0,29;4,8;3,53;0,54;[11,12[;5;pas bon
0,4;1,8;3,28;0,7;[11,12[;5;pas bon
0,29;2,1;3,22;0,72;[11,12[;5;pas bon
0,74;5,15;3,22;0,62;[11,12[;5;pas bon
0,25;2,5;3,41;0,67;[11,12[;5;pas bon
0,27;2,3;3,18;0,8;[11,12[;5;pas bon
0,27;2,3;3,18;0,8;[11,12[;5;pas bon
0;1,9;3,5;0,53;[11,12[;5;pas bon
0,44;1,8;3,36;0,66;[11,12[;5;pas bon
0,33;2,5;3,3;0,58;[11,12[;5;pas bon
0,23;2,6;3,37;0,56;[11,12[;5;pas bon
0,23;2,6;3,37;0,56;[11,12[;5;pas bon
0,4;2,2;3,33;0,93;[11,12[;5;pas bon
0,09;1,7;3,54;0,6;[11,12[;5;pas bon
0,09;1,7;3,54;0,6;[11,12[;5;pas bon
0,49;2,8;3,14;0,57;[11,12[;5;pas bon
0,49;2,8;3,14;0,57;[11,12[;5;pas bon
0,17;1,6;3,61;0,54;[11,12[;5;pas bon
0;2,1;3,68;0,73;[11,12[;5;pas bon
0,43;1,65;3,19;0,46;[11,12[;5;pas bon
0,42;1,8;3,18;0,55;[11,12[;5;pas bon
0,01;2,1;3,52;0,56;[11,12[;5;pas bon
0,04;1,7;3,72;0,58;[11,12[;5;pas bon
0,04;1,7;3,72;0,58;[11,12[;5;pas bon
0,5;4,5;3,28;0,83;[11,12[;5;pas bon
0,24;1,6;3,74;0,62;[11,12[;5;pas bon
0,13;3,45;3,44;0,52;[11,12[;5;pas bon
0;2,2;3,49;0,52;[11,12[;5;pas bon
0,2;1,75;3,38;0,49;[11,12[;5;pas bon
0,68;2,55;3,18;0,61;[11,12[;5;pas bon
0,36;2,6;3,4;0,69;[11,12[;5;pas bon
0,1;2,6;3,57;0,5;[11,12[;5;pas bon
0,06;1,6;3,57;0,54;[11,12[;5;pas bon
0,09;2,5;3,57;0,63;>12;5;pas bon
0,1;1,6;3,55;0,51;>12;5;pas bon
0,03;7,8;3,52;0,5;>12;5;pas bon
0,08;3,75;3,43;0,52;>12;5;pas bon
0,28;2,1;3,41;0,6;>12;5;pas bon
0,05;2,4;3,56;0,55;>12;5;pas bon
0;2,5;3,52;0,58;>12;5;pas bon
0,09;2,3;3,63;0,63;>12;5;pas bon
0,09;2,3;3,63;0,63;>12;5;pas bon
0,79;4,8;3,18;0,77;>12;5;pas bon
0,08;2,6;3,22;0,37;>12;5;pas bon
0,65;7,5;2,98;0,84;>12;5;pas bon
0,74;1,8;2,86;0,79;<10;6;pas bon
0,4;1,6;3,32;0,87;<10;6;pas bon
0,49;2,6;3,34;0,75;<10;6;pas bon
0,18;1,9;3,3;0,59;<10;6;pas bon
0,18;1,9;3,3;0,59;<10;6;pas bon
0,09;2,3;3,32;0,55;<10;6;pas bon
0;1,9;3,37;0,58;<10;6;pas bon
0;1,9;3,37;0,58;<10;6;pas bon
0;1,9;3,37;0,58;<10;6;pas bon
0,09;2,3;3,32;0,55;<10;6;pas bon
0,25;1,9;3,43;0,65;<10;6;pas bon
0,25;1,9;3,43;0,65;<10;6;pas bon
0,24;2,5;3,32;0,6;<10;6;pas bon
0,24;2,5;3,32;0,6;<10;6;pas bon
0,52;2,2;3,1;0,56;<10;6;pas bon
0,52;2,2;3,1;0,56;<10;6;pas bon
0,38;2,5;3,3;0,47;<10;6;pas bon
0,37;15,4;3,18;0,77;<10;6;pas bon
0,37;15,4;3,18;0,77;<10;6;pas bon
0,53;1,8;3,06;1,06;<10;6;pas bon
0,13;2,9;3,17;0,62;<10;6;pas bon
0,68;1,7;3,09;1,06;<10;6;pas bon
0,34;1,4;3,12;0,48;<10;6;pas bon
0,27;2;3,13;0,62;<10;6;pas bon
0,27;2;3,13;0,62;<10;6;pas bon
0,68;1,7;2,9;1,33;<10;6;pas bon
0,51;1,8;3,04;1,08;<10;6;pas bon
0,08;1,8;3,34;0,54;<10;6;pas bon
0,17;2;3,29;0,61;<10;6;pas bon
0,17;2;3,29;0,61;<10;6;pas bon
0,36;1,6;3,34;0,56;<10;6;pas bon
0;1,9;3,37;0,58;<10;6;pas bon
0,2;11;3,16;0,69;<10;6;pas bon
0,2;11;3,16;0,69;<10;6;pas bon
0,5;2,4;3,12;1,18;<10;6;pas bon
0,26;2;3,41;0,74;<10;6;pas bon
0,26;1,9;3,43;0,74;<10;6;pas bon
0,54;2,1;2,98;0,7;<10;6;pas bon
0,69;2,1;3,17;0,62;<10;6;pas bon
0,13;2,6;3,31;0,59;<10;6;pas bon
0,45;2;2,94;0,66;<10;6;pas bon
0,45;2;2,94;0,66;<10;6;pas bon
0,18;2,7;3,29;0,48;<10;6;pas bon
0,21;4,1;3,53;0,72;<10;6;pas bon
0,21;4,1;3,53;0,72;<10;6;pas bon
0,18;1,9;3,59;0,57;<10;6;pas bon
0,21;1,9;3,52;0,58;<10;6;pas bon
0,44;3,6;3,12;0,82;<10;6;pas bon
0,48;2,5;3,12;0,59;<10;6;pas bon
0,48;2,5;3,12;0,59;<10;6;pas bon
0,51;2;3,04;0,6;<10;6;pas bon
0,45;2,3;3;0,7;<10;6;pas bon
0,26;2,5;3,27;0,6;<10;6;pas bon
0,26;2,5;3,27;0,6;<10;6;pas bon
0,41;2,2;3,08;0,67;<10;6;pas bon
0,41;2,2;3,08;0,67;<10;6;pas bon
0;2,5;3,5;0,65;<10;6;pas bon
0,23;1,9;3,22;0,65;<10;6;pas bon
0,48;1,8;3,39;0,53;<10;6;pas bon
0,12;10,7;3,45;0,52;<10;6;pas bon
0,04;2,2;3,4;0,63;<10;6;pas bon
0,04;2,1;3,39;0,64;<10;6;pas bon
0,31;2,4;3,41;0,54;<10;6;pas bon
0,12;2;3,37;0,5;<10;6;pas bon
0,37;2;3,34;0,59;<10;6;pas bon
0,04;3;3,69;0,91;<10;6;pas bon
0,04;3;3,69;0,91;<10;6;pas bon
0,24;2;3,27;0,54;<10;6;pas bon
0,28;3,2;3,22;0,54;<10;6;pas bon
0;2,6;3,36;0,86;<10;6;pas bon
0;2,6;3,35;0,83;<10;6;pas bon
0,42;2;3,21;0,8;<10;6;pas bon
0,42;2;3,21;0,8;<10;6;pas bon
0,42;2;3,21;0,8;<10;6;pas bon
0,51;1,7;3,2;0,89;<10;6;pas bon
0,49;1,9;3,27;0,61;<10;6;pas bon
0,02;2,1;3,47;0,67;<10;6;pas bon
0;2;3,31;0,6;<10;6;pas bon
0,1;2;3,36;0,48;<10;6;pas bon
0;1,7;3,26;0,64;<10;6;pas bon
0,08;1,9;3,32;0,54;<10;6;pas bon
0,5;2;3,04;1,61;<10;6;pas bon
0,52;3,2;3,05;0,81;<10;6;pas bon
0,42;2,4;3,19;0,62;<10;6;pas bon
0,44;2,4;3,19;0,63;<10;6;pas bon
0,38;1,7;3,41;0,53;<10;6;pas bon
0,31;2,8;3,32;0,63;<10;6;pas bon
0,42;2,8;3,28;0,7;<10;6;pas bon
0,34;2,5;3,38;0,62;<10;6;pas bon
0,55;2,3;3,17;0,71;<10;6;pas bon
0,24;2;3,45;0,78;<10;6;pas bon
0,01;2,1;3,33;0,56;<10;6;pas bon
0,36;1,8;3,18;0,6;<10;6;pas bon
0,02;2,1;3,47;0,67;<10;6;pas bon
0,02;2,1;3,47;0,67;<10;6;pas bon
0,02;2,1;3,47;0,67;<10;6;pas bon
0,18;2,1;3,52;0,73;<10;6;pas bon
0,18;2,1;3,52;0,73;<10;6;pas bon
0,11;2,8;3,31;0,55;<10;6;pas bon
0,1;3;3,31;0,54;<10;6;pas bon
0,29;1,8;3,3;0,92;<10;6;pas bon
0,3;1,8;3,31;0,91;<10;6;pas bon
0,29;1,9;3,45;0,59;<10;6;pas bon
0,26;1,8;3,4;0,58;<10;6;pas bon
0,3;1,8;3,42;0,59;<10;6;pas bon
0,3;1,8;3,42;0,59;<10;6;pas bon
0,39;1,6;3,12;0,59;<10;6;pas bon
0,24;2;3,34;0,64;<10;6;pas bon
0,3;1,7;3,41;0,65;<10;6;pas bon
0,31;1,7;3,46;0,62;<10;6;pas bon
0,31;1,7;3,46;0,62;<10;6;pas bon
0,12;1,8;3,22;0,59;<10;6;pas bon
0,22;1,8;3,52;0,6;<10;6;pas bon
0,23;2,3;3,21;0,58;<10;6;pas bon
0,23;2,3;3,21;0,58;<10;6;pas bon
0,31;2;3,29;0,69;<10;6;pas bon
0,31;2;3,47;0,55;<10;6;pas bon
0,22;2,3;3,24;0,54;<10;6;pas bon
0,22;2,3;3,24;0,54;<10;6;pas bon
0,08;1,9;3,42;0,82;<10;6;pas bon
0,1;1,6;3,31;0,65;<10;6;pas bon
0,19;5,2;3,16;0,52;<10;6;pas bon
0;5,5;3,4;0,55;<10;6;pas bon
0,53;2,5;3,37;0,8;<10;6;pas bon
0,2;2,8;3,34;0,7;<10;6;pas bon
0,15;1,9;3,31;0,54;<10;6;pas bon
0,24;2,4;3,47;0,66;<10;6;pas bon
0,07;1,4;3,32;0,81;<10;6;pas bon
0,07;1,4;3,32;0,81;<10;6;pas bon
0,06;1,6;3,36;0,7;<10;6;pas bon
0,18;2,1;3,52;0,72;<10;6;pas bon
0,08;2,5;3,24;0,66;<10;6;pas bon
0,22;2,2;3,26;0,46;<10;6;pas bon
0,37;1,4;3,26;0,7;<10;6;pas bon
0,37;1,4;3,26;0,7;<10;6;pas bon
0,19;5,2;3,16;0,52;<10;6;pas bon
0,08;2,2;3,3;0,65;<10;6;pas bon
0,14;2,4;3,43;0,63;<10;6;pas bon
0,44;2,3;3,32;0,67;<10;6;pas bon
0,62;2,6;3,16;0,67;<10;6;pas bon
0,07;2,4;3,43;0,76;<10;6;pas bon
0,48;2,1;3,03;0,81;<10;6;pas bon
0,02;2,3;3,55;0,53;<10;6;pas bon
0,02;2,3;3,55;0,53;<10;6;pas bon
0,43;2,6;3,33;0,68;<10;6;pas bon
0,02;2,5;3,48;0,6;<10;6;pas bon
0,18;2,5;3,2;0,47;<10;6;pas bon
0;1,9;3,35;0,6;<10;6;pas bon
0,1;1,7;3,09;0,43;<10;6;pas bon
0,21;2,2;3,47;0,77;<10;6;pas bon
0,13;2,2;3,36;0,59;<10;6;pas bon
0,56;1,9;3,16;0,58;<10;6;pas bon
0;2;3,38;0,59;<10;6;pas bon
0,01;1,5;3,4;0,58;<10;6;pas bon
0,25;1,9;3,57;0,62;<10;6;pas bon
0,08;2,4;3,24;0,71;<10;6;pas bon
0,1;1,8;3,08;0,49;<10;6;pas bon
0,06;1,7;3,35;0,48;<10;6;pas bon
0,47;1,8;3,3;0,75;<10;6;pas bon
0,47;1,8;3,3;0,75;<10;6;pas bon
0,66;2,6;3,17;0,68;<10;6;pas bon
0,49;2,2;3,14;0,51;<10;6;pas bon
0,18;2,1;3,2;0,48;<10;6;pas bon
0,51;2,2;3,03;0,93;<10;6;pas bon
0,03;2,2;3,53;0,58;<10;6;pas bon
0,19;1,7;3,38;0,64;<10;6;pas bon
0,12;1,8;3,28;0,87;<10;6;pas bon
0,21;1,5;3,16;0,54;<10;6;pas bon
0,21;1,5;3,16;0,54;<10;6;pas bon
0,27;2;3,26;0,58;<10;6;pas bon
0,27;2;3,26;0,58;<10;6;pas bon
0,26;2,1;3,29;0,56;<10;6;pas bon
0,26;2,1;3,29;0,56;<10;6;pas bon
0,32;2,1;3,27;0,5;<10;6;pas bon
0,28;1,9;2,93;1,95;<10;6;pas bon
0,28;1,9;2,93;1,95;<10;6;pas bon
0,05;2,2;3,22;0,55;<10;6;pas bon
0,06;1,8;3,37;0,52;<10;6;pas bon
0;2;3,61;0,96;<10;6;pas bon
0;2;3,61;0,96;<10;6;pas bon
0;1,8;3,47;0,7;<10;6;pas bon
0;1,8;3,47;0,7;<10;6;pas bon
0,22;2,7;3,28;0,98;<10;6;pas bon
0,31;2,6;3,37;0,91;<10;6;pas bon
0,55;3,2;3,15;0,89;<10;6;pas bon
0,55;3,2;3,15;0,89;<10;6;pas bon
0,22;2,7;3,26;0,57;<10;6;pas bon
0,16;1,8;3,5;0,7;<10;6;pas bon
0,57;1,8;3,14;0,7;<10;6;pas bon
0,15;2;3,29;0,51;<10;6;pas bon
0,31;2,1;3,26;0,54;<10;6;pas bon
0,13;2;3,21;0,68;<10;6;pas bon
0,28;1,9;3,39;0,61;[10,11[;6;pas bon
0,04;1,7;3,33;0,56;[10,11[;6;pas bon
0,24;2,8;3,35;0,56;[10,11[;6;pas bon
0,25;2;3,28;0,6;[10,11[;6;pas bon
0,44;1,6;3,22;0,78;[10,11[;6;pas bon
0,31;2,8;3,11;0,92;[10,11[;6;pas bon
0,68;2,9;3,06;0,8;[10,11[;6;pas bon
0,68;2,9;3,06;0,8;[10,11[;6;pas bon
0,03;1,7;3,44;0,63;[10,11[;6;pas bon
0,36;1,8;3,17;0,42;[10,11[;6;pas bon
0,49;2,7;3,42;0,9;[10,11[;6;pas bon
0,24;2,7;3,28;0,56;[10,11[;6;pas bon
0,24;2,8;3,19;0,73;[10,11[;6;pas bon
0,24;2,7;3,12;0,74;[10,11[;6;pas bon
0,49;3,2;3,19;0,7;[10,11[;6;pas bon
0,58;1,9;3,09;0,63;[10,11[;6;pas bon
0;2,4;3,32;0,6;[10,11[;6;pas bon
0,47;1,6;3,27;0,66;[10,11[;6;pas bon
0;1,7;3,31;0,53;[10,11[;6;pas bon
0,19;4;3,22;0,5;[10,11[;6;pas bon
0,19;4;3,22;0,5;[10,11[;6;pas bon
0;1,6;3,38;0,58;[10,11[;6;pas bon
0;1,4;3,25;0,64;[10,11[;6;pas bon
0,3;1,8;3,61;0,82;[10,11[;6;pas bon
0,19;2;3,39;0,78;[10,11[;6;pas bon
0,4;1,4;3,07;0,65;[10,11[;6;pas bon
0,4;1,4;3,07;0,65;[10,11[;6;pas bon
0,6;2;3,11;0,97;[10,11[;6;pas bon
0,51;4;3,28;0,97;[10,11[;6;pas bon
0,51;4;3,28;0,97;[10,11[;6;pas bon
0,51;4;3,28;0,97;[10,11[;6;pas bon
0,25;2,4;3,41;0,6;[10,11[;6;pas bon
0,48;1,5;3,22;0,64;[10,11[;6;pas bon
0,46;1,4;3,36;0,76;[10,11[;6;pas bon
0,1;2,1;3,23;0,56;[10,11[;6;pas bon
0,11;2,7;3,19;0,7;[10,11[;6;pas bon
0,49;2,7;3,31;0,61;[10,11[;6;pas bon
0,43;2,9;3,08;0,57;[10,11[;6;pas bon
0,24;2,2;3,18;0,56;[10,11[;6;pas bon
0,24;2,2;3,18;0,56;[10,11[;6;pas bon
0,31;8,8;3,38;0,64;[10,11[;6;pas bon
0,31;8,8;3,38;0,64;[10,11[;6;pas bon
0,06;2;3,39;0,62;[10,11[;6;pas bon
0,21;2,5;3,37;0,54;[10,11[;6;pas bon
0,21;2,3;3,4;0,54;[10,11[;6;pas bon
0,21;2,4;3,4;0,53;[10,11[;6;pas bon
0,49;2,2;3,31;0,67;[10,11[;6;pas bon
0,33;1,8;3,36;0,64;[10,11[;6;pas bon
0,15;2,8;3,17;0,63;[10,11[;6;pas bon
0,3;2,1;3,4;0,61;[10,11[;6;pas bon
0,1;2,3;3,42;0,58;[10,11[;6;pas bon
0,64;2,1;3,21;0,67;[10,11[;6;pas bon
0,3;2;3,26;0,56;[10,11[;6;pas bon
0,22;2;3,2;0,56;[10,11[;6;pas bon
0,4;2,6;3,34;0,75;[10,11[;6;pas bon
0,31;2,2;3,18;0,63;[10,11[;6;pas bon
0,31;2,2;3,18;0,63;[10,11[;6;pas bon
0,49;3,1;3,2;0,8;[10,11[;6;pas bon
0,18;2,2;2,87;1,36;[10,11[;6;pas bon
0,46;1,8;3,04;0,79;[10,11[;6;pas bon
0,23;2,2;3,21;0,49;[10,11[;6;pas bon
0,33;2,3;3,47;0,9;[10,11[;6;pas bon
0,18;2,4;3,29;0,6;[10,11[;6;pas bon
0,43;1,4;3,21;0,75;[10,11[;6;pas bon
0,28;2,7;3,26;0,63;[10,11[;6;pas bon
0,24;2,3;3,25;0,53;[10,11[;6;pas bon
0,08;2,1;3,42;0,6;[10,11[;6;pas bon
0,08;1,9;3,5;0,64;[10,11[;6;pas bon
0,48;1,8;3,44;0,78;[10,11[;6;pas bon
0,47;2,1;3,33;0,53;[10,11[;6;pas bon
0,55;2;3,1;0,76;[10,11[;6;pas bon
0,12;3;3,37;0,7;[10,11[;6;pas bon
0,23;2,7;3,22;0,64;[10,11[;6;pas bon
0,24;2,1;3,41;0,87;[10,11[;6;pas bon
0,24;2,1;3,41;0,87;[10,11[;6;pas bon
0,35;1,9;3,18;1,36;[10,11[;6;pas bon
0,18;2,4;3,4;0,6;[10,11[;6;pas bon
0,17;2,4;3,4;0,59;[10,11[;6;pas bon
0,31;2,8;3,22;0,55;[10,11[;6;pas bon
0,49;2,5;3,07;0,82;[10,11[;6;pas bon
0,25;13,4;3,33;0,54;[10,11[;6;pas bon
0,05;2,3;3,38;0,6;[10,11[;6;pas bon
0,05;2,3;3,38;0,6;[10,11[;6;pas bon
0,06;2;3,38;0,83;[10,11[;6;pas bon
0,06;2;3,38;0,83;[10,11[;6;pas bon
0,08;1,9;3,6;0,68;[10,11[;6;pas bon
0,3;1,9;3,31;0,56;[10,11[;6;pas bon
0,07;2,1;3,47;0,55;[10,11[;6;pas bon
0,12;2,9;3,3;0,64;[10,11[;6;pas bon
0,12;2,9;3,3;0,64;[10,11[;6;pas bon
0,51;2;3,24;0,76;[10,11[;6;pas bon
0,63;2,4;3,1;0,6;[10,11[;6;pas bon
0,55;2,6;3,15;0,82;[10,11[;6;pas bon
0,49;2,6;3,12;0,75;[10,11[;6;pas bon
0,37;5,1;3,32;0,64;[10,11[;6;pas bon
0,12;2,4;3,33;0,65;[10,11[;6;pas bon
0,31;2;3,17;0,55;[10,11[;6;pas bon
0;2,8;3,33;0,6;[10,11[;6;pas bon
0,08;2,6;3,3;0,59;[10,11[;6;pas bon
0;1,9;3,18;0,63;[10,11[;6;pas bon
0,43;2,5;3,53;0,81;[10,11[;6;pas bon
0,02;2,1;3,35;0,62;[10,11[;6;pas bon
0,02;2,1;3,35;0,62;[10,11[;6;pas bon
0,46;1,9;3,1;0,48;[10,11[;6;pas bon
0,2;1,9;3,37;0,64;[10,11[;6;pas bon
0,2;1,9;3,37;0,64;[10,11[;6;pas bon
0,02;1,7;3,37;0,51;[10,11[;6;pas bon
0,09;2,3;3,41;0,68;[10,11[;6;pas bon
0,03;2,3;3,36;0,58;[10,11[;6;pas bon
0,04;2,2;3,53;0,65;[10,11[;6;pas bon
0,42;2,2;3,25;0,57;[10,11[;6;pas bon
0,2;2,6;3,21;0,9;[10,11[;6;pas bon
0,05;1,9;3,34;0,95;[10,11[;6;pas bon
0,31;2,2;3,07;0,63;[10,11[;6;pas bon
0,44;2,8;3,53;0,61;[10,11[;6;pas bon
0,42;2,3;3,58;0,61;[10,11[;6;pas bon
0,25;2,6;3,37;0,58;[10,11[;6;pas bon
0,25;2,6;3,37;0,58;[10,11[;6;pas bon
0,54;2,6;3,1;0,61;[10,11[;6;pas bon
0,49;2,7;3,15;0,63;[10,11[;6;pas bon
0,41;3,3;3,31;0,53;[10,11[;6;pas bon
0,14;3;3,32;0,57;[10,11[;6;pas bon
0,19;3,2;3,23;0,58;[10,11[;6;pas bon
0,3;1,9;3,32;0,71;[10,11[;6;pas bon
0,3;1,9;3,32;0,71;[10,11[;6;pas bon
0,35;3,3;3,21;0,69;[10,11[;6;pas bon
0,34;1,6;3,2;0,67;[10,11[;6;pas bon
0,4;2,5;3,38;0,86;[10,11[;6;pas bon
0,42;1,9;3,15;0,75;[10,11[;6;pas bon
0,02;1,7;3,36;0,54;[10,11[;6;pas bon
0,02;1,7;3,36;0,54;[10,11[;6;pas bon
0,02;1,7;3,36;0,54;[10,11[;6;pas bon
0,02;1,7;3,36;0,54;[10,11[;6;pas bon
0,3;2,2;3,25;1,18;[10,11[;6;pas bon
0,15;1,8;3,33;0,6;[10,11[;6;pas bon
0,78;13,9;3,39;0,48;[10,11[;6;pas bon
0,06;1,8;3,3;0,5;[10,11[;6;pas bon
0;2,5;3,46;0,57;[10,11[;6;pas bon
0,48;1,8;3,32;1,04;[10,11[;6;pas bon
0,22;1,9;3,26;0,56;[10,11[;6;pas bon
0,27;2,8;3,31;0,67;[10,11[;6;pas bon
0,46;1,7;3,18;0,83;[10,11[;6;pas bon
0,43;2,8;3,42;1,16;[10,11[;6;pas bon
0,31;1,9;3,24;0,69;[10,11[;6;pas bon
0,24;1,7;3,39;0,6;[10,11[;6;pas bon
0,24;1,7;3,39;0,6;[10,11[;6;pas bon
0,24;1,7;3,39;0,6;[10,11[;6;pas bon
0,24;1,7;3,39;0,6;[10,11[;6;pas bon
0,4;2,4;3,56;0,73;[10,11[;6;pas bon
0,02;1,9;3,35;0,81;[10,11[;6;pas bon
0,6;2,1;3,38;0,72;[10,11[;6;pas bon
0;2,4;3,52;0,55;[10,11[;6;pas bon
0,06;4;3,36;0,67;[10,11[;6;pas bon
0,06;4;3,36;0,67;[10,11[;6;pas bon
0,06;2,6;3,38;0,59;[10,11[;6;pas bon
0,5;2,6;3,12;0,78;[10,11[;6;pas bon
0,24;2,1;3,37;0,77;[10,11[;6;pas bon
0,49;2,5;3,26;0,86;[10,11[;6;pas bon
0,49;2,6;3,31;0,79;[10,11[;6;pas bon
0,07;1,9;3,51;0,43;[10,11[;6;pas bon
0,34;3,6;3,29;0,52;[10,11[;6;pas bon
0,34;3,6;3,29;0,52;[10,11[;6;pas bon
0,01;2,3;3,42;0,58;[10,11[;6;pas bon
0,01;2,3;3,42;0,58;[10,11[;6;pas bon
0;1,7;3,31;0,62;[10,11[;6;pas bon
0,33;2,7;3,31;0,58;[10,11[;6;pas bon
0,39;2,6;3,43;0,62;[10,11[;6;pas bon
0;2,1;3,54;0,93;[10,11[;6;pas bon
0;2,1;3,54;0,93;[10,11[;6;pas bon
0,02;1,9;3,3;0,56;[10,11[;6;pas bon
0,14;2,4;3,42;0,6;[10,11[;6;pas bon
0,63;3,8;3,01;0,81;[10,11[;6;pas bon
0,38;2,5;3,31;0,7;[10,11[;6;pas bon
0,3;1,7;3,29;0,47;[10,11[;6;pas bon
0,47;2,5;3,24;0,65;[10,11[;6;pas bon
0,69;2,8;3,1;0,61;[10,11[;6;pas bon
0,69;2,8;3,1;0,61;[10,11[;6;pas bon
0,55;2,1;3,11;0,62;[10,11[;6;pas bon
0,13;2,4;3,43;0,59;[10,11[;6;pas bon
0,36;1,8;3,27;0,77;[10,11[;6;pas bon
0,09;5,5;3,35;0,49;[10,11[;6;pas bon
0,09;5,5;3,35;0,49;[10,11[;6;pas bon
0,43;2,1;3,17;0,76;[10,11[;6;pas bon
0;2,2;3,42;0,68;[10,11[;6;pas bon
0,02;2,6;3,36;0,62;[10,11[;6;pas bon
0,02;2,6;3,36;0,62;[10,11[;6;pas bon
0,01;2,4;3,34;0,53;[10,11[;6;pas bon
0,1;2,1;3,44;0,76;[10,11[;6;pas bon
0,04;2,3;3,53;0,58;[10,11[;6;pas bon
0,05;2;3,51;0,66;[10,11[;6;pas bon
0,07;1,7;3,29;0,66;[10,11[;6;pas bon
0,63;1,6;3,3;0,78;[10,11[;6;pas bon
0,04;2,2;3,21;0,6;[10,11[;6;pas bon
0,04;2,2;3,21;0,6;[10,11[;6;pas bon
0,56;2,1;3,14;0,71;[10,11[;6;pas bon
0,55;2,8;3,09;0,68;[10,11[;6;pas bon
0,45;2,6;3,23;0,72;[10,11[;6;pas bon
0,39;1,5;3,47;0,73;[10,11[;6;pas bon
0,39;1,5;3,47;0,73;[10,11[;6;pas bon
0,39;1,5;3,47;0,73;[10,11[;6;pas bon
0,03;2;3,44;0,64;[10,11[;6;pas bon
0,46;9;3,18;0,6;[10,11[;6;pas bon
0,48;1,9;3,33;0,87;[10,11[;6;pas bon
0,48;1,9;3,33;0,87;[10,11[;6;pas bon
0,4;1,5;3,14;0,51;[10,11[;6;pas bon
0,36;1,7;3,27;0,78;[10,11[;6;pas bon
0,26;2;3,15;0,79;[10,11[;6;pas bon
0,4;1,3;3,2;0,83;[10,11[;6;pas bon
0,01;2,3;3,4;0,61;[10,11[;6;pas bon
0,01;2,3;3,4;0,61;[10,11[;6;pas bon
0;2;3,33;0,68;[10,11[;6;pas bon
0,1;2,1;3,29;0,75;[10,11[;6;pas bon
0,1;2,1;3,29;0,75;[10,11[;6;pas bon
0,34;5,1;3,22;0,94;[10,11[;6;pas bon
0,34;5,1;3,22;0,94;[10,11[;6;pas bon
0,63;2,2;3,21;0,69;[10,11[;6;pas bon
0;1,6;3,5;0,63;[10,11[;6;pas bon
0,02;1,9;3,39;0,82;[10,11[;6;pas bon
0,11;1,8;3,55;0,66;[10,11[;6;pas bon
0,29;2,5;3,42;0,65;[11,12[;6;pas bon
0,5;3;3,26;1,11;[11,12[;6;pas bon
0,59;2,6;3,18;0,65;[11,12[;6;pas bon
0,59;2,6;3,18;0,65;[11,12[;6;pas bon
0,49;1,8;3,18;1,06;[11,12[;6;pas bon
0,49;6,3;3,21;0,73;[11,12[;6;pas bon
0,24;2,5;3,06;0,72;[11,12[;6;pas bon
0,49;3,3;3,32;0,91;[11,12[;6;pas bon
0,32;2,2;3,3;0,72;[11,12[;6;pas bon
0,32;2,2;3,3;0,72;[11,12[;6;pas bon
0,4;2,4;3,34;0,86;[11,12[;6;pas bon
0,41;1,5;3,29;0,71;[11,12[;6;pas bon
0,32;2,5;3,27;0,85;[11,12[;6;pas bon
0,33;2,4;3,27;0,81;[11,12[;6;pas bon
0,33;2,4;3,27;0,81;[11,12[;6;pas bon
0,28;4,8;3,32;0,7;[11,12[;6;pas bon
0,39;2,5;3,51;0,69;[11,12[;6;pas bon
0,02;2,4;3,54;0,6;[11,12[;6;pas bon
0,02;2,4;3,54;0,6;[11,12[;6;pas bon
0,13;2,3;3,42;0,75;[11,12[;6;pas bon
0,13;2,3;3,42;0,75;[11,12[;6;pas bon
0,47;3,6;3,39;0,66;[11,12[;6;pas bon
0,02;2,2;3,32;0,68;[11,12[;6;pas bon
0,09;2,8;3,43;0,72;[11,12[;6;pas bon
0,08;2,1;3,56;0,77;[11,12[;6;pas bon
0,08;2,1;3,56;0,77;[11,12[;6;pas bon
0,52;2;3,29;0,58;[11,12[;6;pas bon
0,27;1,9;3,16;0,85;[11,12[;6;pas bon
0,27;1,9;3,16;0,85;[11,12[;6;pas bon
0,21;2,2;3,33;0,83;[11,12[;6;pas bon
0,21;2,2;3,33;0,83;[11,12[;6;pas bon
0,35;2,1;3,23;0,66;[11,12[;6;pas bon
0,33;2,2;3,41;0,75;[11,12[;6;pas bon
0,24;2,5;3,6;0,59;[11,12[;6;pas bon
0;2,2;3,42;0,72;[11,12[;6;pas bon
0,02;2,2;3,32;0,68;[11,12[;6;pas bon
0,6;2,6;3,38;0,79;[11,12[;6;pas bon
0,14;2,2;3,44;0,65;[11,12[;6;pas bon
0,73;3,2;3,17;0,66;[11,12[;6;pas bon
0,01;2;3,6;0,46;[11,12[;6;pas bon
0,22;1,8;3,4;0,82;[11,12[;6;pas bon
0,23;2;3,4;0,84;[11,12[;6;pas bon
0,22;1,8;3,4;0,82;[11,12[;6;pas bon
0;2,5;3,43;0,56;[11,12[;6;pas bon
0,39;2;3,15;0,69;[11,12[;6;pas bon
0,16;2;3,22;0,58;[11,12[;6;pas bon
0,42;1,6;3,29;0,69;[11,12[;6;pas bon
0,09;1,7;3,45;0,54;[11,12[;6;pas bon
0,37;1,9;3,12;0,65;[11,12[;6;pas bon
0,13;2,1;3,24;0,53;[11,12[;6;pas bon
0,32;2,1;3,3;0,8;[11,12[;6;pas bon
0,64;2,1;3,34;0,71;[11,12[;6;pas bon
0,1;2,2;3,52;0,76;[11,12[;6;pas bon
0,48;2,7;3,21;0,87;[11,12[;6;pas bon
0,58;3,7;3,19;0,7;[11,12[;6;pas bon
0,65;2,15;3,06;0,68;[11,12[;6;pas bon
0,52;2,3;3,35;0,61;[11,12[;6;pas bon
0,27;8,6;3,16;0,57;[11,12[;6;pas bon
0,54;2,8;3,21;0,76;[11,12[;6;pas bon
0,22;2,3;3,41;0,83;[11,12[;6;pas bon
0,52;2,1;3,31;0,62;[11,12[;6;pas bon
0;2;3,45;0,58;[11,12[;6;pas bon
0,07;2,5;3,38;0,6;[11,12[;6;pas bon
0,07;2,5;3,38;0,6;[11,12[;6;pas bon
0,07;2,5;3,38;0,6;[11,12[;6;pas bon
0,46;2,1;3,26;0,56;[11,12[;6;pas bon
0;2,7;3,44;0,63;[11,12[;6;pas bon
0;2,7;3,44;0,63;[11,12[;6;pas bon
0,09;2,2;3,42;0,69;[11,12[;6;pas bon
0,01;3,7;3,51;0,66;[11,12[;6;pas bon
0,15;1,8;3,42;0,67;[11,12[;6;pas bon
0,08;2,1;3,49;0,49;[11,12[;6;pas bon
0,42;2,4;3,2;0,71;[11,12[;6;pas bon
0,49;2,5;3,39;0,77;[11,12[;6;pas bon
0;2,1;3,48;0,65;[11,12[;6;pas bon
0,46;2,2;3,06;0,84;[11,12[;6;pas bon
0;1,4;3,32;0,58;[11,12[;6;pas bon
0,44;1,9;3,3;0,64;[11,12[;6;pas bon
0,56;2;3,15;0,73;[11,12[;6;pas bon
0,42;2;3,35;0,6;[11,12[;6;pas bon
0,45;2;3,22;0,76;[11,12[;6;pas bon
0,45;2;3,22;0,76;[11,12[;6;pas bon
0,11;2,4;3,3;0,65;[11,12[;6;pas bon
0;2,2;3,59;0,68;[11,12[;6;pas bon
0,5;2,3;3,1;0,87;[11,12[;6;pas bon
0;2,1;3,39;0,84;[11,12[;6;pas bon
0,57;2,3;3,36;0,55;[11,12[;6;pas bon
0,57;2,3;3,36;0,55;[11,12[;6;pas bon
0,41;2,4;3,34;0,85;[11,12[;6;pas bon
0,05;1,9;3,42;0,57;[11,12[;6;pas bon
0,58;3;3,16;1;[11,12[;6;pas bon
0,42;2;3,16;0,72;[11,12[;6;pas bon
0,49;1,7;3,12;0,5;[11,12[;6;pas bon
0,29;4,2;3,45;0,68;[11,12[;6;pas bon
0,66;2;3,66;0,6;[11,12[;6;pas bon
0;2,2;3,59;0,54;[11,12[;6;pas bon
0,39;1,2;3,29;0,52;[11,12[;6;pas bon
0,39;1,2;3,29;0,52;[11,12[;6;pas bon
0,09;2;3,43;0,59;[11,12[;6;pas bon
0;2,9;3,51;0,6;[11,12[;6;pas bon
0,29;2,3;3,32;0,62;[11,12[;6;pas bon
0;2,2;3,61;0,7;[11,12[;6;pas bon
0,52;1,8;3,28;0,77;[11,12[;6;pas bon
0,52;1,8;3,28;0,77;[11,12[;6;pas bon
0,03;2,3;3,45;0,63;[11,12[;6;pas bon
0,03;2,3;3,45;0,63;[11,12[;6;pas bon
0,14;1,9;3,48;0,57;[11,12[;6;pas bon
0,44;2,6;3,3;0,84;[11,12[;6;pas bon
0,31;3;3,48;0,74;[11,12[;6;pas bon
0,31;3;3,48;0,74;[11,12[;6;pas bon
0,12;2,5;3,34;0,61;[11,12[;6;pas bon
0,42;2;3,39;0,66;[11,12[;6;pas bon
0,56;3,1;3,21;1,03;[11,12[;6;pas bon
0,08;4,4;3,56;0,63;[11,12[;6;pas bon
0,15;1,8;3,32;0,82;[11,12[;6;pas bon
0,09;1,7;3,67;0,56;[11,12[;6;pas bon
0,64;2,2;3,26;0,66;[11,12[;6;pas bon
0,49;2,8;3,22;0,68;[11,12[;6;pas bon
0,49;4,6;3,07;0,56;[11,12[;6;pas bon
0,49;4,6;3,07;0,56;[11,12[;6;pas bon
0,24;2,2;3,57;0,57;[11,12[;6;pas bon
0,24;2,2;3,57;0,57;[11,12[;6;pas bon
0,2;1,6;3,38;0,57;[11,12[;6;pas bon
0,07;2;3,6;0,74;[11,12[;6;pas bon
0;1,6;3,48;0,85;[11,12[;6;pas bon
0,5;3,4;3,26;0,93;[11,12[;6;pas bon
0,01;2,1;3,41;0,57;[11,12[;6;pas bon
0,01;2,1;3,41;0,57;[11,12[;6;pas bon
0,12;1,8;3,38;0,89;[11,12[;6;pas bon
0,12;1,8;3,38;0,89;[11,12[;6;pas bon
0,38;2,3;3,39;0,72;[11,12[;6;pas bon
0,38;2,3;3,39;0,72;[11,12[;6;pas bon
0,65;2,4;3,22;0,63;[11,12[;6;pas bon
0,09;2;3,28;0,57;[11,12[;6;pas bon
0,56;1,4;3,16;0,51;[11,12[;6;pas bon
0,34;2,7;3,37;0,78;[11,12[;6;pas bon
0,32;1,8;3,38;0,72;[11,12[;6;pas bon
0,01;2,3;3,32;0,51;[11,12[;6;pas bon
0,02;1,9;3,46;0,53;[11,12[;6;pas bon
0,4;2,2;3,26;0,64;[11,12[;6;pas bon
0,4;1,4;3,25;0,59;[11,12[;6;pas bon
0,49;4,3;3,25;0,74;[11,12[;6;pas bon
0,42;1,6;3,28;0,73;[11,12[;6;pas bon
0,4;2,2;3,27;0,67;[11,12[;6;pas bon
0,66;2,4;3,2;0,53;[11,12[;6;pas bon
0,66;2,4;3,2;0,53;[11,12[;6;pas bon
0,43;1,7;3,38;0,6;[11,12[;6;pas bon
0,3;2;3,33;0,46;[11,12[;6;pas bon
0,3;2;3,33;0,46;[11,12[;6;pas bon
0,46;2,2;3,18;0,69;[11,12[;6;pas bon
0,42;2;3,44;0,82;[11,12[;6;pas bon
0;1,8;3,5;0,44;[11,12[;6;pas bon
0,15;5,1;3,54;0,6;[11,12[;6;pas bon
0,33;2,4;3,36;0,6;[11,12[;6;pas bon
0,67;3;3,02;0,93;>12;6;pas bon
0,59;2,8;3,12;0,54;>12;6;pas bon
0,29;3,1;3,22;0,78;>12;6;pas bon
0,45;2,4;3,33;0,77;>12;6;pas bon
0,27;2,1;3,35;0,63;>12;6;pas bon
0,27;2,1;3,35;0,63;>12;6;pas bon
0,47;2;3,23;0,52;>12;6;pas bon
0,27;2,8;3,21;0,56;>12;6;pas bon
0,37;1,9;3,23;0,81;>12;6;pas bon
0,47;2,2;3,23;0,76;>12;6;pas bon
0,23;8,3;3,44;0,55;>12;6;pas bon
0,25;2,9;3,49;0,96;>12;6;pas bon
0,14;2,1;3,35;0,61;>12;6;pas bon
0,37;1,8;3,41;0,71;>12;6;pas bon
0,44;2,9;3,33;0,62;>12;6;pas bon
0,4;2,7;3,44;0,54;>12;6;pas bon
0,43;2,4;3,2;0,6;>12;6;pas bon
0,33;3,3;3,36;0,62;>12;6;pas bon
0,41;2;3,22;0,6;>12;6;pas bon
0;1,4;3,45;0,56;>12;6;pas bon
0,26;2,3;3,71;0,62;>12;6;pas bon
0,42;2,3;3,27;0,55;>12;6;pas bon
0,42;1,9;3,21;0,54;>12;6;pas bon
0;1,8;3,44;0,55;>12;6;pas bon
0;1,4;3,45;0,48;>12;6;pas bon
0,46;2,1;3,27;0,74;>12;6;pas bon
0,6;2;3,3;0,86;>12;6;pas bon
0,42;2,1;3,11;0,78;>12;6;pas bon
0,34;2,2;3,28;0,66;>12;6;pas bon
0,44;2,5;3,35;0,54;>12;6;pas bon
0,13;2,4;3,62;0,67;>12;6;pas bon
0,49;1,8;3,39;0,56;>12;6;pas bon
0,53;2,2;3,37;0,93;>12;6;pas bon
0,64;2,9;3,23;0,66;>12;6;pas bon
0,64;2,9;3,23;0,66;>12;6;pas bon
0,45;1,9;3,35;0,7;>12;6;pas bon
0,54;2,3;3,17;0,53;>12;6;pas bon
0,23;2,5;3,46;0,65;>12;6;pas bon
0,57;4,6;3,28;0,57;>12;6;pas bon
0;2,15;3,78;0,61;>12;6;pas bon
0;1,2;4,01;0,59;>12;6;pas bon
0;1,2;4,01;0,59;>12;6;pas bon
0;2,3;3,58;0,59;>12;6;pas bon
0,2;2,4;3,58;0,67;>12;6;pas bon
0,32;1,9;3,41;0,56;>12;6;pas bon
0,02;2,4;3,38;0,66;>12;6;pas bon
0,49;4,3;3,3;0,68;>12;6;pas bon
0,49;4,3;3,3;0,68;>12;6;pas bon
0,19;3,2;3,56;0,52;>12;6;pas bon
0,03;3,2;3,61;0,49;>12;6;pas bon
0,37;0,9;2,89;0,44;>12;6;pas bon
0,37;0,9;2,89;0,44;>12;6;pas bon
0,01;2,4;3,55;0,61;>12;6;pas bon
0,69;2,3;3;0,65;>12;6;pas bon
0,24;2,1;3,22;0,66;>12;6;pas bon
0,02;1,3;3,9;0,62;>12;6;pas bon
0,01;2,2;3,39;0,4;>12;6;pas bon
0,01;2,2;3,39;0,4;>12;6;pas bon
0,15;3;3,33;0,59;>12;6;pas bon
0,33;2,5;3,27;0,78;>12;6;pas bon
0,17;2,3;3,85;0,6;>12;6;pas bon
0,32;2,1;3,34;0,82;>12;6;pas bon
0;1,65;3,47;0,53;>12;6;pas bon
0,48;3,8;3,23;0,57;>12;6;pas bon
0,66;6,2;3,11;0,99;>12;6;pas bon
0,12;2,1;3,3;0,53;>12;6;pas bon
0,68;4,1;3,06;0,66;>12;6;pas bon
0,26;1,7;3,39;0,54;>12;6;pas bon
0,5;4,3;3,49;0,66;>12;6;pas bon
0;1,8;3,68;0,79;>12;6;pas bon
0;1,8;3,68;0,79;>12;6;pas bon
0,45;2,6;3,32;0,79;>12;6;pas bon
0,01;1,6;3,7;0,75;>12;6;pas bon
0,44;2,2;3,07;0,84;<10;7;Bon
0,44;2,2;3,07;0,84;<10;7;Bon
0,02;2;3,36;0,57;<10;7;Bon
0,16;1,9;3,38;0,62;<10;7;Bon
0,28;2,1;3,23;0,73;<10;7;Bon
0,34;2,3;3,24;0,6;<10;7;Bon
0,54;2,3;3,11;1,36;<10;7;Bon
0,68;3,5;3,25;1,08;<10;7;Bon
0,49;1,9;2,98;0,66;<10;7;Bon
0,54;1,5;3,02;0,76;<10;7;Bon
0,54;1,5;3,02;0,76;<10;7;Bon
0;1,2;3,39;0,47;[10,11[;7;Bon
0,66;5,8;3,07;0,73;[10,11[;7;Bon
0,66;5,8;3,07;0,73;[10,11[;7;Bon
0,31;2,5;3,19;0,7;[10,11[;7;Bon
0,4;2,6;3,22;0,64;[10,11[;7;Bon
0,32;2,1;3,3;0,65;[10,11[;7;Bon
0,32;2,1;3,3;0,65;[10,11[;7;Bon
0,09;1,4;3,42;0,7;[10,11[;7;Bon
0,1;6;3,37;0,69;[10,11[;7;Bon
0,16;1,8;3,42;0,74;[10,11[;7;Bon
0,52;1,8;3,2;0,72;[10,11[;7;Bon
0,12;2,2;3,35;0,65;[10,11[;7;Bon
0,34;2;3,44;0,86;[10,11[;7;Bon
0,12;2,2;3,52;0,62;[10,11[;7;Bon
0,47;1,4;3,22;0,82;[10,11[;7;Bon
0,66;3,1;3,15;0,85;[10,11[;7;Bon
0,56;1,8;3,3;0,75;[10,11[;7;Bon
0,16;1,8;3,42;0,92;[10,11[;7;Bon
0,58;2,1;3,31;0,88;[10,11[;7;Bon
0,47;2,6;3,36;0,8;[10,11[;7;Bon
0,32;5,6;3,38;0,77;[10,11[;7;Bon
0,32;5,6;3,38;0,77;[10,11[;7;Bon
0,49;2,6;3,05;0,74;[10,11[;7;Bon
0,59;1,4;2,92;0,68;[10,11[;7;Bon
0,01;1,8;3,32;0,56;[10,11[;7;Bon
0,01;1,8;3,32;0,56;[10,11[;7;Bon
0,17;1,7;3,44;0,68;[10,11[;7;Bon
0,09;2,5;3,34;0,86;[10,11[;7;Bon
0,09;2,5;3,34;0,86;[10,11[;7;Bon
0,49;2,7;3,12;1,02;[10,11[;7;Bon
0,47;1,7;3,15;0,67;[10,11[;7;Bon
0,38;1,5;3,26;0,82;[10,11[;7;Bon
0,34;2,4;3,17;0,65;[10,11[;7;Bon
0,49;3,4;3,3;0,76;[10,11[;7;Bon
0,74;2,6;3,2;0,77;[10,11[;7;Bon
0,74;2,6;3,2;0,77;[10,11[;7;Bon
0,66;3;3,18;0,63;[10,11[;7;Bon
0,55;2,8;3,32;0,92;[10,11[;7;Bon
0,42;1,8;3,21;1,05;[10,11[;7;Bon
0,46;1,8;3,25;1,02;[10,11[;7;Bon
0,44;1,6;3,24;0,81;[10,11[;7;Bon
0,1;2,4;3,58;0,69;[10,11[;7;Bon
0,1;2,4;3,58;0,69;[10,11[;7;Bon
0,06;6;3,41;0,59;[10,11[;7;Bon
0,06;6;3,41;0,59;[10,11[;7;Bon
0,47;1,9;3,18;1,04;[10,11[;7;Bon
0,41;8,9;3,29;0,81;[10,11[;7;Bon
0,53;2,2;3,02;0,83;[10,11[;7;Bon
0,53;2,2;3,02;0,83;[10,11[;7;Bon
0,29;2,2;3,4;0,76;[10,11[;7;Bon
0,47;2,1;3,15;0,9;[11,12[;7;Bon
0,47;2,1;3,15;0,9;[11,12[;7;Bon
0,34;2,3;3,4;0,64;[11,12[;7;Bon
0,36;1,9;3,47;0,87;[11,12[;7;Bon
0,01;1,8;3,35;0,58;[11,12[;7;Bon
0,46;2,1;3,4;0,85;[11,12[;7;Bon
0,46;2,1;3,4;0,85;[11,12[;7;Bon
0,46;2,1;3,4;0,85;[11,12[;7;Bon
0,46;2,1;3,4;0,85;[11,12[;7;Bon
0,39;1,8;3,18;0,82;[11,12[;7;Bon
0,44;2,7;3,33;0,78;[11,12[;7;Bon
0,37;1,6;3,23;0,58;[11,12[;7;Bon
0,42;2;3,14;0,79;[11,12[;7;Bon
0,45;1,5;3,18;0,89;[11,12[;7;Bon
0,57;2,3;3,14;0,72;[11,12[;7;Bon
0,76;3,7;2,95;0,68;[11,12[;7;Bon
0,63;2,8;3,26;0,74;[11,12[;7;Bon
0,63;2,8;3,26;0,74;[11,12[;7;Bon
0,3;2,8;3,33;0,67;[11,12[;7;Bon
0,35;1,6;3,24;0,83;[11,12[;7;Bon
0,4;2,2;3,31;0,68;[11,12[;7;Bon
0,07;5,5;3,37;0,68;[11,12[;7;Bon
0,36;1,9;3,27;0,54;[11,12[;7;Bon
0,43;2;3,45;0,87;[11,12[;7;Bon
0,43;2,3;3,17;0,81;[11,12[;7;Bon
0,34;2,5;3,4;0,78;[11,12[;7;Bon
0,12;2,3;3,47;0,71;[11,12[;7;Bon
0,32;3,6;3,28;0,49;[11,12[;7;Bon
0,35;1,7;3,14;0,59;[11,12[;7;Bon
0,3;2;3,28;0,9;[11,12[;7;Bon
0,32;2;3,23;0,73;[11,12[;7;Bon
0,32;2;3,23;0,73;[11,12[;7;Bon
0,75;2,8;3,04;0,68;[11,12[;7;Bon
0,39;1,4;3,19;0,55;[11,12[;7;Bon
0,39;3,2;3,37;0,71;[11,12[;7;Bon
0,39;3,2;3,37;0,71;[11,12[;7;Bon
0,66;3,65;3,05;0,74;[11,12[;7;Bon
0,3;2,2;3,44;0,72;[11,12[;7;Bon
0;2,1;3,42;0,55;[11,12[;7;Bon
0,39;1,7;3,14;0,57;[11,12[;7;Bon
0,49;2,7;3,23;0,63;[11,12[;7;Bon
0,5;2,4;3,22;0,65;[11,12[;7;Bon
0,57;2,4;3,19;0,76;[11,12[;7;Bon
0,4;4,7;3,38;0,66;[11,12[;7;Bon
0,02;2;3,35;0,76;[11,12[;7;Bon
0,44;2,4;3,29;0,8;[11,12[;7;Bon
0,01;2,5;3,34;0,74;[11,12[;7;Bon
0,66;2,95;3,24;0,75;[11,12[;7;Bon
0,53;6,7;3,27;0,82;[11,12[;7;Bon
0,28;2,4;3,26;0,39;[11,12[;7;Bon
0,28;2,4;3,26;0,39;[11,12[;7;Bon
0,02;2,5;3,51;0,71;[11,12[;7;Bon
0,33;2,05;3,26;0,84;[11,12[;7;Bon
0,33;2,05;3,26;0,84;[11,12[;7;Bon
0,34;2;3,26;0,84;[11,12[;7;Bon
0,41;2;3,27;0,85;[11,12[;7;Bon
0,14;2,4;3,42;0,62;[11,12[;7;Bon
0,71;4,4;3,01;0,83;[11,12[;7;Bon
0,33;2,4;3,28;0,73;[11,12[;7;Bon
0,64;2,4;3,09;0,66;[11,12[;7;Bon
0,64;2,4;3,09;0,66;[11,12[;7;Bon
0,46;2,1;3,12;0,65;[11,12[;7;Bon
0,4;2,8;3,31;0,79;[11,12[;7;Bon
0,35;1,7;3,3;0,74;[11,12[;7;Bon
0,45;6,2;3,21;0,49;[11,12[;7;Bon
0,51;1,75;3,33;0,76;[11,12[;7;Bon
0,42;2,3;3,14;0,71;[11,12[;7;Bon
0,45;1,8;3,41;0,76;[11,12[;7;Bon
0,45;1,8;3,41;0,76;[11,12[;7;Bon
0,45;1,8;3,41;0,76;[11,12[;7;Bon
0,41;2,4;3,13;0,58;[11,12[;7;Bon
0,35;1,7;3,32;0,8;[11,12[;7;Bon
0,53;2,4;3,2;1,13;>12;7;Bon
0,53;2,4;3,2;1,13;>12;7;Bon
0,73;6,55;3,17;0,85;>12;7;Bon
0,73;6,55;3,17;0,85;>12;7;Bon
0,49;5,8;3,2;0,66;>12;7;Bon
0,38;3,3;3,3;0,73;>12;7;Bon
0,58;4,1;3,29;0,99;>12;7;Bon
0,4;3,6;3,23;0,7;>12;7;Bon
0,36;2,2;3,33;0,86;>12;7;Bon
0,47;2,65;3,24;0,77;>12;7;Bon
0,38;2,6;3,15;0,79;>12;7;Bon
0,49;3,8;3,27;0,64;>12;7;Bon
0,48;2,1;3,2;0,69;>12;7;Bon
0,41;5,9;3,3;0,62;>12;7;Bon
0,53;4;3,21;0,59;>12;7;Bon
0,53;4;3,21;0,59;>12;7;Bon
0,33;2,5;3,35;0,77;>12;7;Bon
0,04;1,6;3,54;0,62;>12;7;Bon
0,53;3,4;3,17;0,84;>12;7;Bon
0,48;4,6;3,34;0,79;>12;7;Bon
0,46;4,6;3,27;0,64;>12;7;Bon
0,02;2,7;3,58;0,89;>12;7;Bon
0,03;2,3;3,52;0,56;>12;7;Bon
0,03;2,3;3,52;0,56;>12;7;Bon
0,45;1,7;3,25;0,55;>12;7;Bon
0,68;8,3;3,01;0,51;>12;7;Bon
0,68;8,3;3,01;0,51;>12;7;Bon
0,27;2;3,78;0,64;>12;7;Bon
0,52;2,2;3,36;0,76;>12;7;Bon
0,48;2,1;3,26;0,62;>12;7;Bon
0,48;2,1;3,26;0,62;>12;7;Bon
0,39;2,5;3,32;0,88;>12;7;Bon
0,37;2,5;3,52;0,8;>12;7;Bon
0,36;2,2;3,27;1,01;>12;7;Bon
0,01;1,7;3,57;0,84;>12;7;Bon
0,63;2,9;3,16;0,78;>12;7;Bon
0,39;2;3,27;0,71;>12;7;Bon
0,39;2,4;3,31;0,77;>12;7;Bon
0,39;2,4;3,31;0,77;>12;7;Bon
0,49;5;3,19;0,52;>12;7;Bon
0,34;2,5;3,22;0,59;>12;7;Bon
0,08;2,4;3,4;0,72;>12;7;Bon
0,45;2,1;3,15;0,81;>12;7;Bon
0,4;2,2;3,27;0,75;>12;7;Bon
0,41;6,2;3,24;0,77;>12;7;Bon
0,42;2,3;3,38;0,77;>12;7;Bon
0;2,4;3,35;0,66;>12;7;Bon
0,4;2,4;3,33;0,7;>12;7;Bon
0,4;2,4;3,33;0,7;>12;7;Bon
0;2,2;3,71;0,63;>12;7;Bon
0;2,2;3,71;0,63;>12;7;Bon
0,32;1,8;3,36;0,55;>12;7;Bon
0,32;1,8;3,36;0,55;>12;7;Bon
0,32;2,8;3,3;0,76;>12;7;Bon
0;1,7;3,56;0,94;>12;7;Bon
0,38;2,8;3,34;0,72;>12;7;Bon
0,18;2,1;3,46;0,87;>12;7;Bon
0,08;1,2;3,57;0,85;>12;7;Bon
0,76;4,2;3,22;0,6;>12;7;Bon
0,5;2,5;3,34;0,79;>12;7;Bon
0,51;2,6;3,32;0,9;>12;7;Bon
0,11;2,2;3,54;0,88;>12;7;Bon
0,34;1,8;3,38;0,88;>12;7;Bon
0;1,8;3,68;0,73;>12;7;Bon
0,11;2,2;3,54;0,88;>12;7;Bon
0;2,1;3,71;0,74;>12;7;Bon
0,72;2,2;2,88;0,82;<10;8;Bon
0,33;1,7;3,23;1,1;[10,11[;8;Bon
0,53;2,6;3,15;0,65;[11,12[;8;Bon
0,53;2,6;3,15;0,65;[11,12[;8;Bon
0,31;2;3,23;0,76;[11,12[;8;Bon
0,3;1,8;3,24;0,7;[11,12[;8;Bon
0,56;2,8;3,15;0,92;[11,12[;8;Bon
0,39;1,8;3,35;0,69;[11,12[;8;Bon
0,54;1,9;2,98;0,63;[11,12[;8;Bon
0,5;1,8;3,21;0,69;>12;8;Bon
0,45;6,4;3,23;0,82;>12;8;Bon
0,09;2,3;3,46;0,74;>12;8;Bon
0,46;3,6;3,35;0,86;>12;8;Bon
0,05;1,4;3,56;0,82;>12;8;Bon
0,34;2,5;3,2;0,72;>12;8;Bon
0,67;5,2;3,22;0,69;>12;8;Bon
0,24;2;3,72;0,74;>12;8;Bon
0,03;1,8;3,5;0,82;>12;8;Bon
